Police_Station,Size_Area,PopulationY,Male,Female,Rural,Urban,Farm,Black,Coloured,Indian,White,Other_Race,No_School,Primary,Secondary,Tertiary,Certi_diploma,other_education,brick_house,flats,Informal_Shack,Traditional,Other_dwelling
Pudimoe,571.42,36424,46,54,100,0,0,99,1,0,0,0,10,29,44,2,2,13,92,1,7,4,0
Wonderboompoort,14.97,20303,49,51,0,100,0,20,2,1,77,1,2,8,58,12,9,11,77,17,5,1,0
Kingsley,990.91,4007,51,49,1,13,86,94,0,0,5,1,12,31,42,2,1,12,66,4,3,27,0
Riebeeck east,1114.29,1329,51,49,0,57,43,71,18,0,10,0,7,27,53,3,1,9,85,0,12,5,0
Humewood,82.77,38425,48,52,0,100,0,40,8,3,49,1,1,6,49,24,6,14,43,55,2,0,0
Orkney,551.55,24699,58,42,0,89,11,63,2,0,34,0,2,13,66,3,3,13,85,12,4,0,0
Vaal marina,619.74,2003,57,43,0,73,27,89,0,0,9,2,8,19,61,1,1,10,74,4,146,0,0
Wesselsbron,2154.81,30462,48,52,0,88,12,93,1,0,5,0,6,25,53,1,1,14,87,2,44,1,0
Groot marico,1377.49,14110,55,45,2,35,63,81,1,1,17,1,19,27,39,2,1,12,83,2,25,8,0
Bloemspruit,964.13,103393,52,48,0,100,0,89,8,0,2,0,6,22,56,2,2,13,86,1,55,0,0
Kliprivier,435.24,13656,55,45,0,43,57,57,1,2,40,0,5,16,58,5,3,12,86,2,29,1,0
Dwaalboom,2970.26,1880,61,39,0,0,100,76,1,1,22,0,16,16,48,5,2,13,88,3,30,2,0
Reitz,2736.91,25484,48,52,0,81,19,89,0,0,11,0,8,24,51,3,2,12,80,1,25,4,0
Hlabisa,1313.11,33736,46,54,90,8,3,99,0,0,0,0,9,25,48,1,1,16,69,7,2,22,0
Stellenbosch,546.41,53347,48,52,0,71,29,13,45,1,41,1,3,14,42,19,3,19,68,30,4,0,0
Amangwe,282.63,43393,46,54,100,0,0,99,0,0,0,0,11,26,47,1,1,15,47,8,3,42,0
Kabokweni,357.11,131276,48,52,100,0,0,99,1,0,0,0,9,20,54,2,2,13,96,1,5,1,0
Morokweng,3214.58,28761,45,55,100,0,0,98,2,0,0,0,12,31,40,1,1,15,87,1,11,4,0
Umhlali,475.46,74729,51,49,1,82,17,74,1,9,16,0,8,19,53,5,2,12,81,9,9,4,0
Naboomspruit,3150.24,30102,51,49,0,81,19,85,0,0,14,1,8,18,56,2,2,14,90,3,11,1,0
Boston,574.08,5935,47,53,61,0,39,98,0,0,2,0,7,28,51,2,1,12,45,2,2,52,0
Pietermaritzburg,12.10,20441,47,53,0,100,0,60,9,20,10,2,2,11,57,8,6,14,45,44,15,0,0
Philippi,55.92,53902,48,52,0,100,0,11,82,3,2,3,3,20,61,1,1,13,39,50,21,0,0
Vredefort,1752.41,15614,48,52,0,88,12,94,2,0,3,0,7,25,53,1,1,13,80,1,26,1,0
Sterkstroom,2308.03,8626,48,52,0,81,19,90,2,0,7,0,6,28,47,2,2,15,96,1,2,1,0
Plettenberg bay,1167.62,26924,50,50,0,99,1,32,41,1,24,3,3,17,56,7,4,14,84,6,46,1,0
Alexandria,1306.57,13845,48,52,0,84,16,75,13,0,11,1,9,26,50,2,2,11,91,2,14,2,0
Athlone,16.52,63307,48,52,0,100,0,8,76,13,1,2,2,12,68,5,3,10,57,36,14,0,0
Masoyi,185.43,98815,48,52,100,0,0,99,0,0,0,0,8,21,56,1,2,13,96,0,4,1,0
Mbongolwane,613.98,31980,45,55,100,0,0,100,0,0,0,0,18,25,42,1,1,14,35,4,1,60,0
Avondale,1176.07,33902,46,54,100,0,0,100,0,0,0,0,7,32,45,1,1,14,30,7,7,57,0
Hlanganani,419.58,59317,44,56,100,0,0,100,0,0,0,0,13,23,48,1,1,13,90,0,1,9,0
Aberdeen,9561.97,9867,49,51,0,73,27,16,74,0,9,0,9,23,51,3,1,12,96,3,2,0,0
Umkomaas,232.70,68069,48,52,67,30,3,85,1,11,3,0,5,20,59,2,2,11,76,3,13,17,0
Hammarsdale,83.44,16561,49,51,10,73,17,92,1,3,4,0,6,21,58,1,2,12,80,2,4,16,0
Cyferskuil,269.82,20505,49,51,100,0,0,99,0,0,0,0,7,26,52,1,1,14,90,1,33,2,0
Storms river,1007.62,9591,50,50,0,96,4,42,51,0,5,1,4,22,61,2,1,11,95,1,9,1,0
Chatsworth,49.09,154287,49,51,0,100,0,29,1,69,0,0,4,13,70,3,2,9,75,15,23,1,0
Mdantsane,40.72,83791,47,53,0,100,0,99,0,0,0,0,3,18,64,1,3,12,94,1,33,0,0
Kgomotso,590.27,14462,47,53,100,0,0,98,1,0,0,0,9,30,46,0,1,13,79,0,8,18,0
Groblershoop,10386.12,16377,50,50,0,84,16,8,84,1,5,2,9,29,46,1,1,13,93,2,49,2,0
Windsorton,1393.20,7775,51,49,0,97,3,66,28,1,2,3,16,25,46,0,0,12,96,1,17,1,0
Viljoenskroon,1735.94,35027,48,52,0,90,10,93,1,0,6,0,6,24,54,2,1,13,85,2,20,0,0
Eersterust,9.32,30540,48,52,0,100,0,17,80,1,1,1,3,12,67,3,3,12,82,4,14,0,0
Steynsrus,1717.97,10873,47,53,0,84,16,93,1,0,6,0,6,26,46,1,1,19,89,2,20,2,0
Plooysburg,2831.54,1587,58,42,0,0,100,47,42,0,10,1,15,22,36,1,1,24,92,3,7,2,0
Paulpietersburg,1820.38,74706,47,53,48,33,19,97,0,0,2,0,10,28,46,1,1,15,69,4,4,24,0
Muizenberg,44.81,58992,50,50,0,100,0,28,46,1,20,4,2,15,57,9,4,13,63,27,21,1,0
Steytlerville,4686.57,5146,50,50,0,78,22,21,69,0,9,1,7,24,54,2,1,12,98,1,1,0,0
Reigerpark,21.56,57947,54,46,0,100,0,67,31,1,1,1,4,14,68,1,2,12,59,5,87,1,0
Greytown,1312.27,35430,45,55,1,72,27,84,2,8,6,0,11,21,50,3,2,14,71,6,14,17,0
Scottburgh,147.72,30835,48,52,52,44,3,67,1,12,20,0,5,17,55,5,3,15,76,7,4,14,0
Tyefu,502.02,6394,47,53,79,20,1,100,0,0,0,0,9,29,50,1,2,10,75,1,3,22,0
Bayswater,206.97,20943,47,53,0,96,4,20,3,2,74,1,1,9,39,31,7,12,70,28,2,1,0
Taung,1654.91,104545,47,53,100,0,0,99,0,0,0,0,11,28,45,1,1,13,93,1,5,4,0
Lusikisiki,2188.49,202472,46,54,98,2,0,99,1,0,0,0,10,31,41,1,1,15,26,8,6,61,0
Barberton,1920.22,64646,52,48,7,79,14,86,2,1,10,0,7,19,54,3,3,15,85,2,15,4,0
Boshof,6216.66,10540,48,52,0,81,19,78,9,0,12,0,14,22,43,2,1,18,96,0,8,1,0
Whittlesea,708.00,40068,48,52,29,70,0,99,0,0,0,0,7,26,50,2,2,13,83,5,2,11,0
Klapmuts,304.20,13669,50,50,0,73,27,28,63,0,8,1,5,22,57,2,2,11,85,4,21,0,0
Akasia,189.00,191804,50,50,0,100,0,89,1,0,9,1,4,15,55,9,5,12,79,11,23,0,0
Douglasdale,103.18,121903,49,51,0,100,0,35,2,7,53,2,2,9,39,30,9,11,43,53,15,1,0
Klerkskraal,1398.19,3482,56,44,0,0,100,60,4,1,33,3,22,39,19,2,1,18,95,2,41,1,0
Lethlabile,224.69,82629,49,51,49,50,1,99,0,0,0,0,6,20,58,1,3,12,90,1,26,0,0
Loeriesfontein,15644.97,3501,51,49,0,78,22,2,83,0,14,1,13,21,48,2,2,14,97,1,4,0,0
Pinetown,96.06,92261,48,52,0,100,0,51,2,10,36,1,2,12,54,14,7,11,73,22,6,1,0
Greenwood park,41.48,71884,50,50,0,100,0,52,7,23,17,1,2,13,60,10,5,9,80,12,34,1,0
Gans bay,507.40,15208,51,49,0,98,2,25,33,0,42,0,3,16,61,4,2,13,84,3,38,2,0
Dordrecht,1840.36,11525,49,51,0,89,11,92,3,0,5,0,10,26,45,2,1,16,90,5,6,1,0
Redelinghuys,914.87,2421,51,49,0,35,65,28,53,1,17,1,6,23,53,1,1,15,88,7,5,1,0
Inchanga,194.89,52192,48,52,87,12,1,94,0,1,5,0,7,21,57,1,1,12,58,2,2,37,0
Klipplaat,1751.52,3322,48,52,0,89,11,35,61,0,4,1,10,26,48,1,2,13,91,7,1,1,0
Balfour tvl,814.26,26583,50,50,0,98,2,93,0,1,5,0,8,22,56,1,2,12,84,1,41,1,0
Colesberg,6879.11,8633,50,50,0,78,22,32,53,1,13,1,11,21,46,4,2,16,93,3,11,0,0
Paarl,721.42,51451,51,49,0,83,17,15,31,1,52,1,4,15,48,14,5,14,78,19,3,0,0
Tseseng,275.64,30874,45,55,100,0,0,100,0,0,0,0,6,25,53,1,2,14,87,0,5,10,0
Blinkpan,1001.58,17013,60,40,0,65,35,88,1,1,10,0,7,17,63,1,1,11,79,3,37,7,0
Nyoni,343.87,43903,47,53,96,0,4,99,0,0,0,0,10,24,52,1,1,14,40,4,33,35,0
Normandien,689.09,3241,53,47,0,0,100,92,0,0,7,1,7,24,54,1,1,13,49,1,5,46,0
Bray,2829.40,4483,49,51,0,63,37,92,3,0,4,0,24,29,31,1,1,14,94,1,9,0,0
Lenasia,55.72,90945,50,50,0,99,1,42,3,54,0,1,4,14,63,6,3,10,75,9,66,1,0
Jacobsdal,2730.85,10057,50,50,0,87,13,63,26,0,10,0,13,24,47,1,1,13,87,2,32,0,0
Durbanville,261.47,72349,47,53,0,99,1,6,10,1,82,1,1,10,39,30,10,10,71,28,1,0,0
Vaalwater,1956.45,20406,52,48,0,80,20,94,0,0,5,0,10,25,49,2,1,14,95,0,13,1,0
Villiersdorp,1009.28,23115,52,48,0,81,19,42,43,0,13,1,7,25,50,2,2,14,87,6,44,3,0
Komaggas,1616.75,4581,50,50,0,98,2,3,93,1,2,1,2,20,66,1,2,9,99,0,8,1,0
Pretoria north,207.01,31176,49,51,0,93,7,29,2,1,68,1,2,10,58,11,7,11,72,20,9,1,0
Somerset east,5479.48,20832,48,52,0,90,10,59,33,0,8,1,7,23,53,3,2,13,93,4,6,0,0
Swellendam,2578.46,24159,50,50,0,83,17,15,64,0,20,1,4,22,55,4,2,12,84,9,16,1,0
Bedwang,618.21,22927,48,52,99,0,1,99,0,0,0,0,6,22,56,1,1,13,94,1,12,1,0
Ekuvukeni,363.42,47820,45,55,76,24,0,100,0,0,0,0,8,26,49,1,1,15,75,3,1,21,0
Bishopstowe,181.75,13409,47,53,89,0,11,96,0,1,2,0,11,24,49,1,2,14,42,1,1,56,0
Kirstenhof,53.04,30268,50,50,0,100,0,21,18,1,58,2,1,10,46,24,8,11,75,19,6,0,0
Diepsloot,83.02,143391,54,46,0,99,1,96,0,0,1,3,5,13,64,1,2,14,41,2,106,1,0
Stutterheim,729.97,31037,48,52,7,89,4,92,4,0,4,0,7,26,51,2,2,13,73,1,3,24,0
Mpungamhlophe,207.52,16213,46,54,88,12,0,99,0,0,0,0,7,28,48,1,1,16,85,3,1,12,0
Glen grey,1093.71,37897,47,53,99,0,1,100,0,0,0,0,11,32,42,1,1,13,39,4,1,56,0
Motswedi,1658.09,50238,47,53,97,0,3,99,0,0,1,0,14,24,47,1,1,13,91,0,8,5,0
Matlala,2021.36,94064,45,55,100,0,0,100,0,0,0,0,9,24,50,2,1,14,97,0,3,0,0
Grahamstown,1291.05,34997,48,52,0,97,3,58,21,1,18,1,3,17,51,9,3,17,78,11,15,3,0
Vioolsdrif,1872.75,1250,54,46,0,48,52,12,75,0,9,4,5,22,61,0,1,11,75,16,4,8,0
Mahwelereng,652.50,151653,47,53,73,27,0,100,0,0,0,0,9,20,53,2,2,13,95,0,6,1,0
Orlando,20.33,132759,50,50,0,100,0,84,15,0,0,1,5,18,55,3,4,15,58,9,35,0,0
Kommissiepoort,631.74,1499,51,49,0,0,100,87,1,0,12,0,8,26,42,3,1,19,79,5,9,15,0
Philippi east,8.51,56093,50,50,0,100,0,93,5,0,0,2,4,17,62,1,2,13,61,10,43,1,0
Atamelang,752.57,35583,47,53,100,0,0,99,1,0,0,0,10,29,45,2,1,13,95,0,8,2,0
Ndevana,62.70,24032,48,52,10,90,0,100,0,0,0,0,8,22,56,1,1,12,74,5,32,11,0
Rabie ridge,22.78,121139,53,47,0,100,0,83,12,1,1,3,5,19,49,3,5,19,44,2,63,0,0
Lentegeur,17.67,86391,49,51,0,100,0,15,83,1,0,1,2,16,65,3,2,12,65,31,5,0,0
Heidedal,15.03,25424,48,52,0,100,0,27,72,1,0,1,3,17,60,4,4,13,90,2,8,0,0
Skukuza,11816.02,5313,54,46,14,1,85,72,2,1,24,1,6,10,45,6,5,28,91,3,3,4,0
Reddersburg,1928.26,5582,47,53,0,87,13,83,3,0,13,0,5,26,52,2,2,13,92,1,9,1,0
Mbuzini,403.75,22416,45,55,100,0,0,99,0,0,0,0,17,23,44,1,2,13,85,2,2,12,0
Tshamutumbu,974.38,21486,47,53,84,0,16,100,0,0,0,0,11,24,49,0,1,14,85,1,7,14,0
Breyten,1074.10,17127,49,51,0,84,16,94,1,1,5,0,8,20,54,1,3,14,87,1,11,9,0
Kamieskroon,6250.09,6461,50,50,0,96,4,5,90,1,4,0,4,26,56,1,1,13,97,2,2,0,0
Verulam,199.29,112029,49,51,1,98,1,65,1,33,0,1,5,17,61,3,3,11,82,6,29,2,0
Laersdrift,1002.35,4365,50,50,0,0,100,90,1,0,9,0,25,21,40,1,1,12,61,2,22,26,0
Pienaar,245.57,102263,48,52,100,0,0,99,0,0,0,0,10,20,56,1,2,12,96,1,3,2,0
Da gamaskop,467.87,24985,49,51,0,97,3,17,57,1,25,1,3,17,61,4,4,11,74,21,7,1,0
Langlaagte,21.89,24973,50,50,0,100,0,43,40,13,1,3,4,15,57,6,5,13,74,18,18,0,0
Philadelphia,397.02,7310,50,50,0,86,14,40,35,1,23,1,6,25,44,7,3,15,79,13,41,2,0
Thornville,278.34,15232,49,51,0,79,21,92,1,1,6,0,8,25,53,1,1,12,65,2,10,27,0
Masisi,12951.69,20956,47,53,90,0,10,95,0,0,4,0,11,22,46,1,1,19,83,0,2,16,0
Mtubatuba,1640.26,31415,48,52,16,71,12,89,2,2,7,0,9,23,47,3,2,16,71,9,17,10,0
Boschkop,310.12,30417,50,50,0,84,16,33,1,2,62,2,3,12,35,30,7,12,63,34,19,0,0
Brandvlei,13732.31,3472,52,48,0,72,28,9,78,1,12,1,10,24,48,1,2,15,97,1,2,0,0
King william's town,104.21,43444,46,54,1,99,0,72,21,2,4,1,2,15,57,8,6,12,90,7,3,1,0
Bolobedu,527.05,166745,44,56,100,0,0,100,0,0,0,0,14,21,49,2,2,13,93,0,3,4,0
Rawsonville,864.75,13072,52,48,0,26,74,26,52,0,22,1,8,34,29,2,1,25,60,37,10,0,0
Villieria,34.07,54501,48,52,0,100,0,20,5,1,74,1,2,9,53,18,7,11,76,19,5,0,0
Dobsonville,65.91,234877,50,50,0,100,0,99,0,0,0,0,4,16,63,2,3,12,68,7,28,0,0
Zwelitsha,100.38,38471,48,52,34,66,0,99,0,0,0,0,3,19,60,4,4,11,79,4,21,3,0
Tlhabane,32.41,84905,53,47,9,91,0,90,3,4,2,1,4,15,58,5,6,13,68,4,38,0,0
Hendrina,1267.38,33064,53,47,0,91,9,87,1,0,11,0,8,17,58,2,2,13,91,2,12,2,0
Lebowakgomo,1218.35,137497,46,54,74,26,0,100,0,0,0,0,8,20,50,4,4,14,94,1,4,2,0
Calcutta,618.80,163991,45,55,100,0,0,100,0,0,0,0,10,23,49,1,3,13,95,0,1,4,0
Kokstad,1370.85,57888,48,52,0,96,4,86,9,1,3,0,3,21,56,3,4,13,84,5,9,7,0
Val,1087.46,4474,52,48,0,0,100,87,1,0,12,0,12,26,48,2,1,11,86,1,34,7,0
Touws river,2134.37,8762,48,52,0,90,10,9,82,0,8,1,4,21,60,1,1,12,91,6,4,0,0
Sebokeng,68.59,164439,49,51,0,100,0,99,0,0,0,0,4,18,62,2,3,11,92,1,19,0,0
Kei road,576.43,2423,50,50,3,65,32,91,1,0,8,0,10,23,53,1,1,12,68,2,35,8,0
Klawer,772.78,11035,50,50,0,69,31,9,76,1,14,1,6,23,58,1,1,11,84,10,16,1,0
Phalaborwa,861.90,13876,51,49,0,90,10,40,2,1,56,0,1,11,55,11,6,15,87,10,2,1,0
Port edward,274.37,32429,47,53,71,23,5,86,1,1,12,0,6,23,52,3,2,13,76,7,2,15,0
Kenton on sea,356.92,11800,48,52,0,95,5,78,8,0,13,1,9,24,51,4,3,10,94,2,31,2,0
Cala,1275.33,46723,48,52,72,28,0,99,0,0,0,0,6,28,49,2,1,13,45,10,6,40,0
Int airp king shaka,27.10,183,54,46,0,98,2,12,1,57,26,4,2,4,19,2,3,70,100,0,14,0,0
Nelspruit,1562.00,80715,50,50,5,87,8,43,4,4,48,1,5,13,43,15,9,15,71,20,7,4,0
Dududu,398.54,27201,45,55,99,0,1,99,0,0,0,0,13,27,45,1,1,15,13,1,0,86,0
Vanderkloof,485.82,1394,50,50,0,88,12,17,47,0,34,2,6,15,58,6,5,10,99,0,1,0,0
Pampierstat,590.95,36279,47,53,99,1,0,99,1,0,0,0,9,26,49,1,2,13,92,0,6,5,0
Oudtshoorn,3404.34,74633,48,52,0,96,4,15,62,0,21,1,4,21,57,3,2,13,82,11,12,1,0
Nieuwoudtville,5587.85,2794,52,48,0,74,26,8,80,2,10,1,10,22,53,3,2,11,92,4,2,2,0
Mara,1806.91,3262,54,46,9,0,91,80,11,0,9,0,9,12,67,2,1,8,78,1,7,18,0
Rust de winter,209.21,3349,47,53,83,3,14,98,0,0,2,0,7,20,58,1,2,12,95,1,8,1,0
Cambridge,145.12,83544,47,53,0,99,1,65,6,2,27,1,2,13,53,11,6,14,79,15,17,1,0
Lenasia south,48.93,83582,50,50,0,99,1,72,3,24,0,1,4,16,62,3,3,12,77,2,29,0,0
Mayflower,305.78,38873,46,54,100,0,0,99,0,0,0,0,11,24,48,2,2,13,70,1,2,28,0
Rhodes,1380.34,2023,53,47,0,34,66,89,1,0,9,0,17,25,36,3,1,18,70,1,14,19,0
Mpumalanga kzn,138.90,105267,47,53,50,50,0,100,0,0,0,0,4,20,61,1,2,11,82,1,6,12,0
Viljoensdrif,246.04,6121,75,25,0,67,33,74,4,1,15,5,2,15,56,2,3,22,84,12,4,1,0
Waterval boven,1223.86,7726,51,49,0,80,20,85,1,1,12,0,10,18,58,2,2,11,88,2,14,3,0
Pacaltsdorp,45.05,25523,49,51,0,100,0,6,90,1,2,1,3,21,60,2,3,11,92,1,13,0,0
Lephalale,6867.28,51186,61,39,0,78,22,67,3,1,28,1,4,14,59,6,5,13,76,8,30,1,0
Mamelodi east,58.97,260784,51,49,0,100,0,98,1,0,0,1,4,14,65,3,4,11,74,1,75,0,0
Meloding,14.89,40495,48,52,0,100,0,99,0,0,0,0,6,21,60,1,1,12,88,0,24,0,0
Elands bay,650.08,2571,52,48,0,21,79,28,56,1,15,0,8,25,55,2,1,10,94,2,3,1,0
Norwood,29.84,44060,47,53,0,100,0,39,2,7,50,2,2,10,44,27,6,11,66,26,7,1,0
Bethlehem,2639.64,87343,48,52,0,85,15,84,2,1,14,0,6,19,56,4,3,13,77,4,23,3,0
Winterton,1301.21,15509,49,51,2,49,49,86,1,1,12,0,9,23,43,2,1,21,64,6,2,28,0
Polokwane,958.64,67557,50,50,1,84,15,58,2,2,38,0,2,10,43,22,8,14,71,26,4,0,0
Lime acres,1911.55,4846,55,45,0,93,7,58,23,0,19,0,4,16,61,5,4,11,69,24,6,1,0
Ntambanana,588.97,35956,46,54,98,0,2,100,0,0,0,0,10,27,48,0,1,14,62,6,2,31,0
Marikana,576.92,56873,63,37,41,47,12,95,1,0,3,1,6,16,59,1,1,18,50,11,106,2,0
Healdtown,120.32,5328,47,53,88,12,0,100,0,0,0,0,3,24,57,2,2,12,63,1,2,35,0
Hanover,5053.53,5415,49,51,0,80,20,46,46,0,6,1,11,25,44,2,1,16,97,1,2,0,0
Barrydale,2065.51,7452,50,50,0,73,27,8,73,0,17,1,6,27,44,4,2,17,94,4,2,1,0
Atlantis,384.86,79631,49,51,0,99,1,12,84,0,1,2,2,18,65,1,1,12,78,14,19,1,0
Lulekani,1220.63,52933,46,54,100,0,0,100,0,0,0,0,14,24,44,1,2,15,94,0,0,5,0
Hankey,551.43,13704,48,52,0,94,6,44,51,0,4,1,5,24,56,1,1,13,89,2,20,4,0
Butterworth,563.84,45371,48,52,78,22,0,99,0,0,0,0,3,23,57,3,2,13,60,4,27,32,0
Kathu,2425.90,19401,59,41,1,95,4,49,19,1,29,1,3,13,53,5,5,19,70,12,36,1,0
Davel,767.70,7139,49,51,0,70,30,96,1,0,3,0,13,23,49,1,2,12,90,1,7,6,0
Cedarville,921.36,6543,48,52,0,72,28,89,4,0,6,0,6,30,48,2,2,13,78,9,4,11,0
Wakkerstroom,1226.83,10171,48,52,0,67,33,91,0,1,8,0,11,24,46,1,1,16,79,1,3,18,0
Plessislaer,194.52,260995,47,53,23,77,0,99,0,0,0,0,4,19,61,2,3,11,68,3,11,23,0
Tumahole,13.84,39405,48,52,0,100,0,96,3,0,1,0,5,22,58,1,1,12,87,1,21,0,0
Bethanie,398.13,52588,54,46,94,0,6,99,0,0,0,0,5,18,63,1,1,12,79,1,62,1,0
Bronville,48.72,30045,50,50,0,100,0,76,23,0,0,0,5,20,61,0,1,13,65,1,128,4,0
Matatiele,821.52,14230,45,55,0,92,8,84,8,2,5,0,3,20,56,5,4,12,87,5,4,4,0
Ventersburg,1567.41,12880,48,52,0,88,12,92,1,0,7,0,6,22,55,1,1,15,90,1,26,0,0
Wentworth,15.40,45751,48,52,0,100,0,12,45,42,0,1,3,13,70,3,2,9,67,28,4,1,0
Goodwood,22.13,43922,51,49,0,100,0,16,28,4,50,2,1,9,60,13,8,10,77,21,2,0,0
Muldersdrift,250.41,32744,54,46,0,71,29,64,2,1,32,1,5,15,53,10,4,13,73,9,53,1,0
Margate,268.86,63124,47,53,30,65,5,64,2,2,32,0,5,19,54,5,3,13,73,11,10,12,0
Harburg,347.49,13816,47,53,33,0,67,96,0,0,3,0,11,27,46,1,2,13,54,8,3,37,0
Ekombe,1336.42,55911,44,56,100,0,0,100,0,0,0,0,17,27,39,1,1,15,14,4,5,77,0
Norkempark,44.59,70213,48,52,0,100,0,50,2,3,44,1,2,11,52,16,9,11,72,25,11,0,0
Folweni,29.28,68500,48,52,59,41,0,100,0,0,0,0,5,20,60,1,2,12,81,2,6,15,0
Heidelberg(c),2524.94,15579,49,51,0,74,26,7,77,0,14,1,4,23,58,2,2,10,91,3,8,2,0
Hillcrest,266.71,98660,49,51,39,61,1,56,1,2,40,0,4,17,54,10,4,11,71,15,3,12,0
Groenvlei,963.78,5254,50,50,0,5,95,98,0,0,2,0,9,35,41,1,0,14,14,1,2,83,0
Germiston,52.56,72346,54,46,0,100,0,57,5,3,34,1,2,12,57,9,6,13,39,29,53,0,0
Glendale,200.01,11600,49,51,54,21,26,93,0,6,1,0,16,25,45,0,1,13,57,13,6,30,0
Mabopane,52.42,88255,49,51,0,100,0,99,0,0,0,0,4,14,59,6,7,11,88,1,23,0,0
Thomas river,618.00,665,53,47,0,0,100,88,0,0,12,0,7,17,53,5,1,17,75,0,0,25,0
Richmond-kzn,1199.99,46623,48,52,65,15,19,94,1,2,3,0,10,25,49,1,1,14,46,6,5,45,0
Wanda,1571.51,980,54,46,0,3,97,28,55,0,17,0,11,23,47,4,2,13,95,3,3,0,0
Rustenburg,1138.56,105473,54,46,3,92,5,44,2,1,52,1,4,13,56,8,5,14,71,17,17,1,0
Parow,46.13,60339,48,52,0,100,0,13,28,4,51,3,1,9,58,15,7,11,69,29,2,0,0
Assen,1226.85,5985,62,38,1,0,99,78,0,1,20,1,15,20,49,2,2,12,94,1,16,3,0
Or tambo intern airp,20.85,170,56,44,0,100,0,29,2,4,63,2,2,7,46,8,6,31,70,28,4,0,0
Bushbuckridge,531.63,108065,46,54,96,4,0,100,0,0,0,0,7,22,54,2,2,13,97,0,3,2,0
Siyabuswa,362.93,114828,47,53,100,0,0,100,0,0,0,0,14,20,51,1,3,11,96,0,3,2,0
Benoni,116.51,119025,52,48,0,100,0,39,2,12,47,1,3,11,57,12,6,11,68,26,21,0,0
Vrede,2839.43,20224,48,52,0,87,13,92,1,0,7,0,9,25,50,2,2,12,84,1,21,5,0
Muden,446.32,13268,45,55,9,0,91,98,1,0,1,0,27,25,33,0,0,15,26,3,1,71,0
Winburg,2779.08,15681,48,52,0,89,11,92,2,0,6,0,6,23,54,1,1,15,88,1,15,1,0
Leslie,1095.14,36446,50,50,0,93,7,95,1,1,4,0,9,22,55,1,1,12,90,4,28,1,0
Willowvale,1990.28,83330,46,54,97,3,0,100,0,0,0,0,11,32,43,1,1,13,29,4,3,65,0
Carnarvon,12513.24,7990,49,51,0,83,17,4,85,0,9,1,12,22,48,2,2,13,89,2,14,0,0
Montagu,3457.99,23408,49,51,0,85,15,8,72,1,19,1,5,25,49,3,2,16,94,2,5,0,0
Mid illovo,768.56,23598,49,51,71,0,29,97,0,0,2,0,14,26,44,1,1,13,44,8,4,46,0
Cato manor,17.93,95618,49,51,0,100,0,89,2,8,0,0,3,16,65,2,3,11,72,9,46,1,0
Ulundi,481.15,65077,46,54,61,39,0,99,0,0,0,0,7,22,51,2,3,14,69,8,5,19,0
Lady frere,1726.81,54244,47,53,88,9,3,99,0,0,0,0,10,31,42,1,1,14,43,6,2,49,0
Tarkastad,4257.99,8082,49,51,0,75,25,83,10,0,7,1,7,28,48,3,2,13,97,1,1,2,0
Ventersdorp,3493.41,54351,51,49,0,56,44,86,4,0,8,1,12,29,44,1,1,14,86,3,38,2,0
Rondebosch,11.12,14759,49,51,0,100,0,24,9,6,58,4,1,5,23,38,7,25,47,52,1,1,0
Queenstown,1713.18,35882,48,52,47,47,6,82,2,2,14,1,5,22,46,8,4,15,80,8,3,10,0
Deneysville,333.39,20933,52,48,0,98,2,92,1,0,7,0,9,22,54,1,2,12,90,2,27,0,0
Lamontville,5.32,33469,47,53,0,100,0,98,1,1,0,0,6,19,54,3,5,14,89,2,27,0,0
Klerksdorp,804.13,84123,50,50,0,98,2,35,14,3,48,1,4,13,57,9,6,12,80,15,7,1,0
Sasolburg,353.25,31895,51,49,0,99,1,32,2,1,65,0,2,10,56,14,7,11,84,14,2,0,0
Roedtan,1884.37,2823,54,46,0,42,58,86,0,0,13,1,13,18,54,4,2,8,90,1,12,2,0
Sakhile,7.64,27195,48,52,0,100,0,99,0,0,0,0,6,21,59,1,2,10,82,9,33,0,0
Mmakau,119.64,29427,52,48,99,1,0,96,1,0,3,1,5,17,62,1,2,13,60,1,175,2,0
Kwadukuza,625.99,157244,49,51,9,85,5,78,1,19,1,1,7,20,56,2,2,12,80,6,19,6,0
Prince albert,8967.66,10020,49,51,0,76,24,2,83,0,14,0,7,24,52,4,2,12,94,2,7,1,0
Conville,14.81,47205,48,52,0,100,0,16,81,1,1,1,4,21,61,1,1,12,83,1,20,1,0
Hobhouse,864.20,4832,47,53,0,82,18,93,2,0,5,0,8,29,48,2,1,13,85,1,20,6,0
Roodepoort,73.76,180157,50,50,0,100,0,63,6,2,28,1,3,14,59,8,5,11,65,17,41,0,0
Mondeor,143.46,157299,51,49,0,99,1,61,8,8,21,2,3,13,53,14,7,11,65,20,20,0,0
Sundumbili,390.31,74738,47,53,69,31,0,100,0,0,0,0,7,21,56,1,2,13,51,2,8,41,0
Randfontein,619.84,149530,50,50,0,95,5,67,10,0,21,1,4,16,62,4,4,11,70,8,31,0,0
Vanwyksvlei,8851.35,2280,49,51,0,74,26,3,89,1,7,0,12,24,51,1,0,12,97,1,3,0,0
Jozini,1567.02,75036,47,53,96,4,0,99,0,0,0,0,13,26,43,1,1,15,65,5,2,29,0
Hout bay,70.77,33287,51,49,0,100,0,36,12,1,46,5,4,18,41,18,4,14,62,21,66,1,0
Namahadi,166.35,55863,45,55,99,1,0,100,0,0,0,0,6,24,55,1,1,13,83,1,13,11,0
Worcester,2021.39,114203,49,51,0,88,12,28,53,1,17,1,3,18,59,4,3,12,74,17,19,1,0
Hartebeeskop,193.54,11188,47,53,99,0,1,99,0,0,0,0,12,25,47,1,1,14,51,1,2,47,0
Bridge camp,835.32,15732,48,52,75,13,12,99,0,0,0,0,12,30,44,1,1,12,32,3,2,63,0
Somerset west,296.38,57098,48,52,0,96,4,13,26,1,59,1,2,12,42,24,7,14,77,19,7,1,0
Dullstroom,992.93,7433,49,51,0,83,17,90,1,1,9,0,14,20,50,2,1,12,80,2,18,10,0
Rosendal,914.12,5847,48,52,0,71,29,95,1,0,5,0,9,29,47,2,1,12,76,0,62,14,0
De doorns,707.14,35102,47,53,0,75,25,30,57,1,9,4,14,17,38,2,3,26,67,13,58,2,0
Tsolo,2877.11,110558,46,54,95,3,2,99,1,0,0,0,9,29,46,1,1,14,27,6,6,64,0
Senwabarwana,1498.62,93888,45,55,93,7,0,100,0,0,0,0,14,25,45,1,1,14,94,0,5,2,0
Mahikeng,443.90,76634,50,50,68,30,1,87,7,2,3,0,7,20,51,5,3,15,84,5,22,1,0
Porterville,1287.91,15714,48,52,0,94,6,13,62,1,24,0,10,20,52,2,4,11,82,12,6,0,0
Matsulu,34.54,49067,48,52,100,0,0,99,0,0,0,0,10,19,54,1,3,13,91,1,9,4,0
Harrismith,3119.53,51032,47,53,0,84,16,92,0,1,7,0,6,22,53,3,2,13,80,2,18,9,0
Himeville,2610.98,14915,51,49,5,33,62,88,1,0,10,0,6,23,53,3,2,13,57,5,10,29,0
Prince alfred hamlet,4045.96,37988,54,46,0,40,60,33,59,0,7,0,8,26,52,2,1,11,89,8,6,1,0
Groot brakrivier,772.08,21327,49,51,0,93,7,6,54,0,38,2,3,18,58,8,4,9,85,9,9,1,0
Chrissiesmeer,1317.69,10319,49,51,0,62,38,94,0,1,5,0,10,24,52,1,1,12,73,1,14,23,0
Mmametlake,791.23,75275,47,53,100,0,0,99,0,0,0,0,8,24,52,2,2,13,93,1,16,1,0
Mbizeni,244.23,754,50,50,84,0,16,100,0,0,0,0,10,38,38,0,0,13,5,3,7,88,0
Idutywa,1694.34,100064,47,53,92,8,0,99,0,0,0,0,8,27,47,2,1,15,24,6,12,61,0
Point,2.52,25253,48,52,0,100,0,70,6,12,10,2,2,9,51,11,11,17,7,91,0,2,0
Naledi,9.06,89686,49,51,0,100,0,96,1,1,1,1,2,14,68,2,3,10,82,1,19,0,0
Mowbray,6.70,9944,49,51,0,100,0,35,19,5,35,6,1,6,28,30,7,28,70,28,2,0,0
Baviaanskloof,2043.71,1047,47,53,0,0,100,5,86,0,8,0,4,25,60,1,1,9,86,2,2,10,0
Ngqeleni,1930.76,164689,46,54,98,2,0,99,0,0,0,0,11,31,42,1,1,14,17,4,4,75,0
St francis bay,171.52,6101,51,49,0,95,5,48,22,0,29,1,3,16,60,8,3,11,73,4,29,1,0
Madeira,23.81,25326,44,56,0,100,0,92,5,1,1,1,2,15,47,14,7,15,67,14,23,1,0
Marydale,5665.89,3152,49,51,0,84,16,10,82,1,7,0,9,26,49,1,1,14,95,2,12,1,0
Etwatwa,33.04,142594,50,50,0,100,0,99,0,0,0,0,6,19,61,1,2,12,79,1,60,0,0
Carletonville,941.32,61799,61,39,0,95,5,70,1,1,28,0,4,13,62,4,4,13,73,17,15,0,0
Berea,9.39,27567,44,56,0,100,0,29,4,24,43,1,1,7,41,26,8,16,30,66,3,1,0
Lichtenburg,4389.61,67550,52,48,10,74,16,77,4,1,17,0,10,26,46,3,2,13,87,5,33,1,0
Fernie,150.88,21858,46,54,100,0,0,100,0,0,0,0,12,26,47,1,1,14,73,1,3,25,0
Calitzdorp,1600.53,7624,48,52,0,89,11,6,79,0,14,1,5,33,43,2,1,16,96,1,5,0,0
Mmabatho,976.32,134138,48,52,71,29,0,99,1,0,0,0,6,21,52,6,4,12,88,3,11,1,0
Petrus steyn,1452.78,14532,47,53,0,89,11,94,0,0,5,0,8,26,48,2,1,15,80,2,29,1,0
Impendle,1634.22,29113,47,53,82,7,11,99,0,0,0,0,9,27,49,1,1,14,42,2,1,56,0
Kleinvlei,38.68,96589,49,51,0,100,0,12,85,1,1,2,2,15,66,3,3,11,90,4,7,1,0
Jericho,892.25,26814,50,50,99,0,1,99,0,0,1,0,6,20,60,1,2,11,93,2,15,1,0
Springbok,7191.87,14375,50,50,0,96,4,7,73,1,19,1,2,17,60,4,4,13,92,4,4,0,0
Lady grey,1889.35,8140,49,51,0,86,14,84,9,0,6,0,9,27,46,2,2,15,87,4,14,2,0
Morgenzon transvaal,1328.49,11932,51,49,0,60,40,86,1,1,12,0,15,22,45,1,1,16,84,2,11,7,0
Vierfontein,1352.11,9264,72,28,0,21,79,68,3,1,27,0,6,19,60,3,2,11,94,1,6,1,0
Charl cilliers,769.58,3172,51,49,0,24,76,85,1,0,14,0,12,27,47,2,1,11,75,3,57,6,0
Tokoza,10.38,97476,52,48,0,100,0,98,1,0,0,1,3,16,66,1,3,12,78,5,34,0,0
Senekal,2617.74,29094,47,53,0,88,12,92,1,0,7,0,7,23,54,2,2,12,84,3,39,3,0
Ezakheni,613.44,92261,45,55,30,70,0,100,0,0,0,0,7,22,53,1,3,14,80,2,3,16,0
Bayview,15.63,38319,48,52,0,100,0,15,2,81,0,1,3,12,69,6,4,6,82,15,9,0,0
Mahlabathini,1129.32,58791,45,55,96,4,0,100,0,0,0,0,13,26,43,1,1,16,45,8,2,46,0
Gowan lea,779.31,22566,45,55,21,0,79,100,0,0,0,0,4,34,46,1,1,15,14,1,2,83,0
Upper tugela,769.08,28434,46,54,99,0,1,100,0,0,0,0,10,28,45,1,1,15,16,5,3,76,0
Camps bay,25.82,5524,49,51,0,100,0,12,5,2,80,1,1,8,33,37,8,13,77,20,2,1,0
Cradock,8267.35,43712,49,51,0,89,11,60,26,0,12,1,7,23,51,3,2,13,89,9,2,0,0
Ivory park,34.54,277053,54,46,0,100,0,95,1,0,0,3,6,16,57,2,3,15,57,1,55,0,0
Mlungisi,19.87,52961,47,53,0,100,0,87,12,0,0,0,3,20,60,3,3,12,88,6,12,0,0
Primrose,23.52,66043,54,46,0,100,0,51,3,4,42,1,3,9,66,6,4,12,68,19,104,0,0
Bellair,17.93,25320,49,51,0,100,0,40,4,25,30,1,2,11,62,11,7,8,79,17,5,1,0
Petrusville,3035.50,5610,49,51,0,93,7,38,57,1,4,1,10,27,48,1,2,12,96,1,10,0,0
Tuinplaas,997.60,1993,61,39,0,0,100,76,1,0,22,1,12,16,46,4,2,21,97,0,3,1,0
Letsitele,1152.70,77872,46,54,88,0,12,98,0,0,2,0,14,20,49,1,1,13,94,0,2,4,0
Botlokwa,789.31,58979,45,55,98,0,2,99,0,0,0,0,13,20,48,2,2,15,92,0,8,1,0
Belmont,2729.86,750,52,48,0,3,97,32,48,1,19,0,13,25,47,4,1,11,95,2,6,0,0
Hartswater,678.93,13353,50,50,3,97,0,55,27,1,17,1,14,21,48,4,2,11,87,5,23,1,0
Kameeldrift,305.74,16264,61,39,0,0,100,48,2,0,49,1,5,13,55,10,4,12,75,2,68,1,0
Umbilo,18.06,40747,48,52,0,100,0,49,5,9,36,2,2,9,47,18,10,14,41,55,4,1,0
Ntuzuma,21.19,117340,48,52,0,100,0,99,0,0,0,0,4,18,64,1,2,11,88,1,23,2,0
Groblersdal,1899.76,21385,52,48,10,37,53,80,0,1,18,1,13,16,50,5,3,13,85,3,16,2,0
Malvern,26.18,38457,49,51,0,100,0,15,2,45,38,1,1,11,60,12,7,8,81,14,6,1,0
Verena,1038.71,23069,47,53,2,90,7,99,0,0,0,0,13,23,50,0,1,13,85,0,9,12,0
St helena bay,171.46,11319,50,50,0,99,1,30,59,0,10,1,3,17,64,2,2,12,94,1,6,1,0
Graskop,689.06,4836,53,47,0,82,18,66,11,1,21,2,4,15,58,4,2,17,88,2,47,3,0
Randburg,39.62,46537,47,53,0,100,0,39,3,9,46,2,2,8,38,33,9,10,51,44,4,0,0
Port alfred,527.13,8806,47,53,0,90,10,30,19,1,51,0,2,12,51,10,6,19,85,10,4,3,0
Macassar,38.20,35030,49,51,0,100,0,16,80,1,2,2,3,20,61,1,2,14,62,27,14,1,0
Langa,4.67,47482,49,51,0,100,0,98,1,0,0,1,2,16,64,3,3,12,16,60,48,0,0
Itsoseng,531.36,58571,47,53,66,34,0,99,0,0,0,0,7,25,53,2,2,12,75,1,8,22,0
Saamboubrug,1704.83,1302,58,42,0,0,100,79,0,0,19,2,12,15,62,2,2,8,80,0,33,6,0
Trompsburg,2448.31,6299,50,50,0,85,15,67,23,0,9,1,8,22,51,3,3,14,91,1,11,0,0
Grabouw,929.89,42175,50,50,0,88,12,38,55,0,7,1,5,21,58,2,2,13,82,8,19,3,0
Batlharos,1104.79,21285,46,54,100,0,0,99,0,0,0,0,8,27,48,1,2,14,80,1,8,15,0
Vosman,778.68,202606,53,47,0,99,1,96,2,0,1,0,5,18,61,1,3,12,84,2,39,2,0
Calvinia,10725.65,10648,48,52,0,90,10,4,82,1,13,1,9,20,54,3,3,12,94,3,3,1,0
Park road,399.08,79206,48,52,0,99,1,38,6,1,55,1,1,8,53,17,7,14,64,33,3,1,0
Thaba-nchu,684.54,15667,48,52,28,72,0,98,1,1,1,0,4,23,57,2,3,12,81,1,19,9,0
Centane,1591.27,78962,46,54,98,2,0,100,0,0,0,0,12,31,42,1,1,13,26,4,5,66,0
Sheepmoor,1097.66,8494,49,51,0,59,41,96,0,0,3,0,14,28,44,1,1,13,42,1,5,56,0
Augrabies,2400.41,14379,56,44,0,97,3,26,54,2,9,9,13,30,45,1,2,10,81,13,3,4,0
Alexandra road,128.66,86479,48,52,0,99,1,67,3,8,22,0,2,14,53,13,6,13,75,21,6,2,0
Malelane,769.69,11571,56,44,2,77,20,51,2,7,39,1,18,22,32,7,4,17,87,3,11,4,0
Atteridgeville,98.62,170122,51,49,0,100,0,99,0,0,0,1,3,13,65,3,4,11,74,4,93,0,0
Sutherland,12547.74,3969,49,51,0,71,29,8,75,1,16,0,14,22,40,3,2,19,95,1,4,1,0
Pretoria west,56.40,98787,49,51,0,99,1,76,3,4,16,1,3,12,53,10,8,13,80,16,5,0,0
Beaufort west,19044.41,40076,48,52,0,89,11,18,72,0,10,1,6,20,55,2,2,14,86,10,4,0,0
Kwambonambi,1486.32,89399,48,52,91,4,5,98,0,0,1,0,9,25,52,1,1,13,67,5,5,25,0
Hammanskraal,690.79,53046,50,50,2,83,15,90,1,0,8,1,5,18,57,3,3,14,90,2,52,0,0
Keimoes,2383.90,16944,50,50,0,84,16,6,87,1,5,1,5,25,57,2,1,10,94,3,16,1,0
Warrenton,1434.99,23032,48,52,0,99,1,78,15,1,6,0,11,23,52,1,1,11,92,4,15,1,0
Mankweng,1106.30,198514,46,54,87,13,0,99,0,0,0,0,5,21,54,4,3,14,92,1,7,2,0
Mehlomnyama,351.69,30948,46,54,100,0,0,100,0,0,0,0,9,26,49,0,1,14,39,4,5,52,0
Jansenville,4703.83,7005,48,52,0,80,20,39,51,0,9,0,9,25,50,2,1,13,94,1,5,0,0
Pienaarsrivier,762.08,3085,55,45,7,62,32,91,0,0,9,0,6,18,56,3,2,14,97,0,4,1,0
Kubusiedrift,356.34,515,52,48,0,0,100,73,1,1,25,0,6,19,49,2,5,19,75,7,5,14,0
Giyani,3215.98,229602,44,56,87,13,0,100,0,0,0,0,13,22,47,2,1,14,88,1,3,10,0
Kagiso,96.77,178164,51,49,0,100,0,95,0,3,0,0,4,16,62,3,3,11,69,1,36,0,0
Wrenchville,21.15,7317,49,51,0,100,0,23,71,1,4,1,7,20,55,2,3,13,79,7,7,8,0
Strandfontein,14.77,28257,49,51,0,100,0,6,90,1,0,2,1,13,65,5,6,9,94,5,3,0,0
Kwadabeka,25.01,108559,51,49,0,100,0,99,0,0,0,0,4,19,61,1,2,13,68,16,31,2,0
Flagstaff,1433.07,135086,46,54,96,4,0,100,0,0,0,0,9,33,40,1,1,15,23,7,7,64,0
Wedela,67.68,25325,59,41,0,100,0,95,0,0,4,1,3,18,64,1,1,12,78,4,23,0,0
Kwamhlanga,992.54,126796,48,52,76,22,2,99,0,0,0,0,10,22,53,2,2,12,88,1,21,3,0
Danielskuil,1945.30,13955,49,51,0,97,3,47,44,1,7,1,11,22,53,1,2,12,92,3,17,0,0
The barrage,428.79,10050,53,47,0,77,23,49,1,0,50,1,5,16,63,4,3,9,92,3,12,1,0
Standerton,2276.23,69594,50,50,0,93,7,75,5,2,17,0,7,20,54,3,3,13,82,5,33,1,0
Sophia town,25.60,80296,49,51,0,100,0,30,35,5,28,2,2,12,60,10,4,12,69,23,9,0,0
Fouriesburg,1401.43,18421,46,54,0,70,30,95,0,0,4,0,9,26,46,2,1,17,77,1,11,14,0
Wolmaransstad,2836.91,44694,50,50,0,82,18,87,3,0,10,0,17,23,43,2,1,14,80,2,29,1,0
Mount fletcher,1524.07,65170,47,53,80,20,0,100,0,0,0,0,7,30,48,2,1,13,12,6,4,78,0
Namakgale,216.82,80021,48,52,99,1,0,100,0,0,0,0,7,21,53,2,3,15,95,0,2,2,0
Uniondale,4498.97,13939,50,50,0,57,43,8,80,1,10,1,5,25,57,2,1,10,87,8,5,1,0
Soutpan,1402.65,4208,51,49,0,77,23,91,2,0,6,0,10,27,49,2,1,11,77,19,15,0,0
Dingleton,446.43,4064,54,46,0,92,8,51,44,1,1,2,3,18,65,1,1,12,87,8,4,1,0
Mondlo,592.67,100188,48,52,80,20,0,100,0,0,0,0,9,27,48,1,1,14,81,5,2,12,0
Makapanstad,548.98,53009,48,52,100,0,0,100,0,0,0,0,5,19,61,1,2,11,94,1,8,2,0
Kinkelbos,606.74,2577,50,50,0,80,20,50,18,0,31,1,5,16,57,4,3,14,82,1,25,1,0
Nottingham road,876.74,8948,53,47,0,71,29,62,1,2,34,1,6,20,42,9,3,19,87,5,4,5,0
Laudium,11.51,27294,51,49,0,100,0,34,2,62,0,2,5,11,64,7,3,9,72,19,76,1,0
Rietbron,2775.17,1628,48,52,0,73,27,8,84,0,7,1,7,25,48,2,1,17,96,1,3,1,0
Midrand,185.89,80789,49,51,0,100,0,53,3,18,25,1,2,9,33,33,9,13,45,51,4,0,0
Hazyview,499.37,39172,49,51,87,12,1,92,0,1,7,0,9,21,50,3,3,13,95,1,4,1,0
Sabie,979.98,19475,54,46,0,91,9,77,4,0,18,1,6,16,58,4,2,14,81,7,44,1,0
Duncan village,10.47,72511,48,52,0,100,0,97,1,1,0,0,3,17,65,2,2,11,68,4,108,1,0
Edenburg,2696.14,7707,50,50,0,81,19,73,17,0,9,0,9,22,50,2,1,15,94,0,18,1,0
Vanrhynsdorp,3464.07,7667,50,50,0,84,16,7,72,0,21,1,6,18,57,3,1,15,83,15,3,0,0
Mashashane,680.19,55083,46,54,100,0,0,100,0,0,0,0,7,22,54,2,2,14,95,0,5,1,0
Mpisi,524.38,24953,45,55,100,0,0,100,0,0,0,0,13,36,34,1,0,16,8,2,5,85,0
Hennenman,726.48,26200,48,52,0,95,5,87,0,0,12,0,4,21,59,2,1,12,88,2,24,0,0
Rosedale,558.72,42946,48,52,0,98,2,8,88,1,2,1,5,21,60,2,1,11,93,2,34,0,0
Rooiberg,1941.19,5712,52,48,0,32,68,72,1,0,26,0,8,20,52,3,2,15,88,2,22,2,0
Mtontsasa,714.38,38651,46,54,100,0,0,100,0,0,0,0,13,34,36,1,1,15,15,7,10,68,0
Kleinmond,174.68,9110,50,50,0,97,3,27,25,0,47,2,2,12,59,14,6,8,82,7,24,1,0
Fraserburg,14275.26,4110,51,49,0,74,26,4,81,1,14,0,16,24,42,4,2,13,82,15,4,0,0
Makhado,2661.07,59895,52,48,46,41,13,81,1,3,15,0,7,17,53,7,3,13,90,4,8,2,0
Carolina,2556.98,22362,51,49,0,78,22,88,1,2,9,0,9,19,55,2,3,13,78,1,27,12,0
Table bay harbour,20.63,2390,59,41,0,100,0,40,8,9,24,19,0,1,5,6,1,87,45,55,0,0,0
Kakamas,7232.41,23908,52,48,0,88,12,19,68,1,9,3,7,26,52,1,2,12,81,14,5,3,0
Rouxville,2599.67,8302,48,52,0,88,12,91,3,0,6,0,8,27,48,2,1,14,93,2,7,0,0
Mthatha,1193.67,168587,47,53,54,45,0,98,1,1,1,0,4,23,53,4,2,14,48,12,15,26,0
Brits,898.36,82460,56,44,8,87,5,66,3,2,28,1,9,16,53,4,3,16,66,6,52,1,0
Lukholweni,578.48,19938,46,54,100,0,0,99,0,0,0,0,4,31,46,1,1,17,14,3,19,64,0
Marquard,1950.95,17016,47,53,0,91,9,94,0,0,5,0,6,25,54,2,1,13,86,1,20,1,0
Knysna,1547.88,68513,49,51,0,97,3,39,36,0,23,2,3,17,59,6,3,13,82,8,32,1,0
Brixton,14.06,46018,48,52,0,100,0,43,8,30,17,2,2,10,49,14,5,19,74,16,10,0,0
Schweizer-reneke,2706.71,18788,53,47,0,79,21,76,3,1,20,1,16,27,39,3,1,14,86,2,21,4,0
Mount ayliff,1437.20,98220,45,55,95,5,0,100,0,0,0,0,5,32,46,1,1,15,28,5,3,64,0
Kriel,845.39,39307,54,46,0,89,11,78,1,1,20,0,5,17,60,2,3,11,84,4,11,4,0
Tabase,432.82,7267,48,52,100,0,0,100,0,0,0,0,7,32,48,1,1,11,3,2,1,93,0
Town hill,38.43,18106,46,54,0,100,0,22,4,12,61,1,1,9,39,28,8,15,70,28,2,0,0
Maphumulo,638.46,57370,45,55,100,0,0,100,0,0,0,0,15,26,43,1,1,15,38,6,4,53,0
Evander,137.23,11151,53,47,0,98,2,51,6,3,39,1,2,12,57,11,7,11,87,9,6,0,0
Heuningvlei,3431.45,5677,48,52,100,0,0,99,0,0,0,0,12,31,41,1,1,15,62,1,4,35,0
Bizana,1053.14,115007,46,54,95,5,0,100,0,0,0,0,7,31,43,2,1,16,38,7,9,46,0
Mtunzini,674.28,79935,46,54,91,5,3,94,0,0,4,0,10,24,47,3,2,14,74,4,1,21,0
Doringkloof,1078.58,1139,54,46,0,0,100,83,4,0,12,0,8,27,46,4,2,13,95,0,2,4,0
Cumberland,2425.98,1681,56,44,0,0,100,87,0,0,13,0,15,22,49,1,1,11,89,0,19,6,0
Cramond,432.27,10580,50,50,0,71,29,93,0,1,5,1,9,23,53,2,1,12,81,3,15,15,0
Jhb central,16.32,51187,55,45,0,100,0,72,3,20,1,4,3,10,53,11,8,16,12,80,8,1,0
Mzamba,711.10,67446,46,54,100,0,0,99,0,0,0,0,9,30,44,1,1,15,39,8,10,42,0
Cofimvaba,2076.16,83461,47,53,92,8,0,99,0,0,0,0,9,31,44,1,1,14,22,8,4,67,0
Leboeng,467.02,22227,43,57,100,0,0,100,0,0,0,0,13,25,48,1,1,13,86,0,3,12,0
Newlands east,28.72,76795,47,53,0,100,0,54,19,26,0,1,2,14,62,6,6,10,81,15,5,1,0
Ikageng,245.36,107765,49,51,1,99,0,90,9,1,0,0,7,21,58,2,1,11,77,5,37,0,0
Stella,3091.27,9323,54,46,0,60,40,76,5,0,18,0,24,24,32,3,2,16,86,1,14,5,0
Zeerust,1696.13,23682,52,48,1,84,15,72,5,4,18,1,11,20,47,4,2,16,85,7,18,2,0
Wierdabrug,92.34,111353,48,52,0,100,0,21,2,7,69,1,2,10,43,26,9,10,67,30,2,0,0
Kopanong,15.20,60014,48,52,0,100,0,98,2,0,0,0,5,21,60,1,1,11,90,0,25,0,0
Kwamakhutha,59.20,106710,48,52,58,42,0,99,0,0,1,0,4,19,60,1,3,13,79,2,11,14,0
Delportshoop,5176.43,15503,49,51,1,91,9,39,34,1,4,23,10,26,52,1,1,12,95,1,8,1,0
Bluewater,344.91,10265,48,52,93,0,7,95,0,0,5,0,13,24,50,1,1,12,50,1,47,33,0
Meadowlands,13.01,143811,50,50,0,100,0,99,0,0,0,0,3,14,68,2,3,10,62,18,21,0,0
Gamalakhe,29.50,32834,46,54,50,50,1,99,0,0,0,0,3,20,59,3,3,12,90,4,5,2,0
Ganyesa,8202.53,55688,46,54,99,0,1,98,1,0,0,0,15,30,38,1,1,15,95,0,3,3,0
Estcourt,1231.73,47844,48,52,7,67,27,77,3,14,5,1,7,22,53,3,2,13,58,12,7,25,0
Buffalo flats,13.36,40239,49,51,0,100,0,41,58,1,0,1,3,18,63,2,2,12,74,13,39,0,0
Alice,1194.31,44034,48,52,57,40,3,97,2,0,0,0,4,21,49,3,2,21,68,1,4,28,0
Sundra,247.54,18919,53,47,0,80,20,62,1,0,36,0,8,18,57,3,2,11,84,4,56,1,0
Maclear,1194.19,11699,49,51,1,90,9,92,4,0,3,0,12,26,45,3,2,13,84,4,9,9,0
Zele,378.75,28214,47,53,100,0,0,100,0,0,0,0,6,25,54,1,1,12,58,2,11,36,0
Setlagole,3761.34,27234,50,50,83,0,17,95,1,0,3,0,20,31,31,1,1,15,95,0,8,1,0
Hlogotlou,494.81,77174,45,55,100,0,0,100,0,0,0,0,12,23,47,1,1,15,94,1,4,4,0
Bityi,1224.97,73691,46,54,100,0,0,100,0,0,0,0,12,30,43,1,1,14,24,4,6,66,0
Cape town central,35.51,35019,49,51,0,100,0,24,17,3,51,6,1,5,31,33,7,23,29,70,1,1,0
Trichardt,465.72,5981,56,44,0,76,24,39,2,10,47,1,6,16,54,7,5,12,68,15,26,6,0
Kolomane,114.58,1648,50,50,94,0,6,100,0,0,0,0,9,31,46,0,1,13,42,1,1,57,0
Umzinto,282.99,42757,49,51,53,42,5,78,1,20,0,0,10,22,52,1,1,14,72,7,30,16,0
Vosloorus,39.69,165755,49,51,0,100,0,99,0,0,0,0,2,14,63,4,6,11,87,3,16,0,0
Ilinge,183.12,17412,48,52,38,61,0,99,0,0,0,0,9,27,49,1,2,12,89,1,5,8,0
Pabalello,8.85,18008,48,52,0,100,0,84,14,0,0,1,7,22,58,1,1,11,82,1,44,1,0
Makuya,820.51,19266,46,54,100,0,0,98,0,0,1,0,11,23,49,2,1,15,74,0,2,24,0
Luckhoff,2134.22,4308,50,50,0,86,14,45,47,1,7,0,11,28,46,1,1,13,95,0,6,0,0
Nhlanhleni,1022.57,59014,44,56,97,3,1,98,0,1,0,0,17,30,36,0,0,17,34,5,3,58,0
Macleantown,275.25,10433,48,52,89,6,6,97,0,0,3,0,11,25,50,1,1,12,65,1,45,28,0
Vanderbijlpark,174.29,137062,49,51,0,100,0,61,1,1,36,1,2,13,60,9,5,11,83,10,9,0,0
Mitchells plain,32.73,195377,49,51,0,100,0,6,92,1,0,1,2,16,68,1,1,12,50,43,7,0,0
Boetsap,1727.00,529,53,47,0,0,100,74,13,0,7,7,24,30,34,0,0,12,85,2,49,7,0
Highflats,1285.99,63173,46,54,96,1,3,99,1,0,0,0,10,29,46,1,1,14,22,2,3,75,0
Msinga,1416.04,118363,43,57,100,0,0,100,0,0,0,0,21,25,36,1,1,16,25,2,1,72,0
Murraysburg,7501.34,7427,50,50,0,63,37,17,74,0,8,0,11,23,47,2,1,16,89,10,1,0,0
Bethelsdorp,91.29,144156,48,52,0,100,0,26,73,1,0,1,3,17,65,1,1,12,85,9,16,0,0
Saselamani,449.72,63418,43,57,100,0,0,100,0,0,0,0,12,27,46,1,1,14,70,0,0,29,0
Elsburg,46.56,45024,50,50,0,100,0,64,4,1,31,1,3,13,60,7,6,11,78,14,16,0,0
Tshaulu,333.90,43484,45,55,100,0,0,100,0,0,0,0,10,24,49,3,1,13,71,0,2,27,0
Mogwase,3025.50,119032,51,49,91,8,0,99,0,1,0,0,5,19,60,2,2,13,86,2,29,1,0
Bela-bela,2583.22,58987,51,49,5,77,18,82,2,1,15,0,7,19,54,4,2,14,88,4,19,1,0
Zebediela,849.45,30823,46,54,93,4,3,99,0,0,1,0,10,22,50,1,2,14,94,0,6,3,0
Biesiesvlei,1619.13,12731,53,47,0,63,37,86,1,1,11,0,18,31,36,2,1,13,97,0,20,1,0
Nemato,87.10,18223,47,53,0,99,1,98,1,0,1,0,7,24,56,1,2,11,80,4,18,7,0
Libode,1477.71,119919,46,54,97,3,0,100,0,0,0,0,7,28,48,1,1,14,30,6,6,58,0
Protea glen,48.46,127729,48,52,0,100,0,99,0,0,0,0,2,14,60,6,7,11,90,3,18,0,0
Kirkwood,1863.79,23559,52,48,0,97,3,59,29,0,10,1,8,21,52,2,1,15,85,3,6,8,0
Pilgrim's rest,536.56,2173,55,45,0,79,21,92,1,0,7,0,6,18,61,2,2,10,83,2,29,7,0
Steve vukile tshwete,246.50,17898,47,53,87,12,2,100,0,0,0,0,9,26,50,1,1,13,59,1,9,36,0
Swartruggens,2450.49,18210,54,46,0,64,36,76,3,1,19,1,14,20,47,3,1,15,87,3,20,1,0
Haenertsburg,1188.90,4957,55,45,34,0,66,86,0,0,14,1,8,19,58,5,2,8,89,1,13,5,0
Vulindlela,187.84,63468,48,52,19,81,0,99,0,0,0,0,4,18,61,2,3,12,87,1,37,5,0
Rietgat,117.20,219571,49,51,18,82,0,99,0,0,0,0,5,18,61,2,3,11,87,1,42,0,0
Soshanguve,86.43,96466,48,52,0,100,0,99,0,0,0,0,4,14,60,5,6,11,89,3,17,0,0
Heuningspruit,970.61,1369,53,47,0,0,100,81,1,0,18,0,7,22,54,4,1,13,95,1,5,3,0
Hondeklip bay,2727.27,1053,52,48,0,88,12,5,79,1,15,1,4,18,66,2,2,8,90,7,4,0,0
Alldays,4537.92,6410,55,45,0,47,53,92,0,0,7,0,12,14,60,2,1,11,89,1,13,2,0
Mariannhill,66.05,123568,50,50,7,93,0,91,5,4,0,1,4,17,64,1,2,12,87,5,10,3,0
Kidds beach,375.01,13079,47,53,66,17,16,80,1,0,19,0,10,23,52,3,2,12,68,2,27,12,0
Tamara,502.36,18762,47,53,100,0,0,100,0,0,0,0,7,24,55,1,1,12,65,2,7,28,0
De aar,4361.78,14308,49,51,0,95,5,54,27,0,18,0,5,18,58,4,3,12,90,3,8,0,0
Lwandle,11.52,65146,52,48,0,100,0,86,9,0,2,3,3,18,62,2,1,14,47,24,40,0,0
Phuthaditjhaba,954.83,81194,45,55,24,76,1,99,0,0,0,0,4,21,54,5,3,13,87,1,9,7,0
Kensington,8.78,25607,48,52,0,100,0,11,84,2,1,3,2,14,66,5,4,10,66,26,10,0,0
Ezibayeni,336.91,21104,46,54,100,0,0,99,0,0,0,0,11,27,45,1,1,16,49,9,2,41,0
Mandeni,108.65,11362,50,50,45,47,8,76,3,7,13,0,7,22,50,4,3,13,80,3,1,16,0
Gravelotte,2568.45,4486,63,37,4,0,96,79,0,0,18,2,8,14,47,4,2,25,93,1,6,2,0
Ekangala,53.10,48447,49,51,0,100,0,99,0,0,0,0,5,18,60,2,4,11,92,0,21,0,0
Mountain rise,58.45,122616,48,52,0,100,0,46,10,43,0,1,4,16,64,4,3,9,78,8,21,7,0
Laaiplek,1487.39,13766,49,51,0,88,12,12,56,0,31,1,3,16,63,3,3,12,85,6,7,3,0
Newcastle,1031.47,66053,49,51,0,91,9,56,4,18,22,1,3,15,56,9,5,12,82,11,8,4,0
Hoopstad,3361.75,19255,49,51,0,83,17,90,2,0,7,0,9,24,49,2,1,15,82,1,21,0,0
Springs,478.46,113682,52,48,0,96,4,51,2,5,42,1,3,13,61,6,5,11,78,10,32,0,0
Siloam,413.24,61821,45,55,100,0,0,100,0,0,0,0,10,21,52,2,2,13,95,1,2,3,0
Dunnottar,62.02,10479,51,49,0,100,0,62,3,1,34,1,2,12,53,11,11,12,87,10,5,0,0
Vosburg,6365.21,1764,52,48,0,0,100,22,48,2,28,1,11,24,50,2,1,11,84,11,6,1,0
Still bay,950.85,8189,47,53,0,88,12,3,43,0,53,0,3,13,59,12,3,10,95,1,6,1,0
Hofmeyr,3195.11,5067,49,51,0,73,27,71,22,0,7,0,13,26,45,1,1,12,96,3,0,1,0
Westonaria,583.89,34421,62,38,0,94,6,77,1,1,21,0,5,14,66,3,4,9,79,13,18,1,0
Barkly east,3593.19,13077,49,51,0,76,24,89,5,0,6,0,14,25,42,2,2,15,80,4,32,4,0
Witdraai,20192.99,1502,55,45,0,25,75,6,74,0,17,2,9,22,44,2,2,20,86,1,5,12,0
Mafube,2192.68,28023,49,51,0,93,7,89,1,0,10,0,9,23,51,2,2,12,81,3,42,2,0
Arlington,869.64,4900,48,52,0,80,20,96,0,0,4,0,9,25,51,2,1,13,83,0,18,6,0
Mooiplaas,293.99,12745,47,53,88,1,11,98,0,0,2,0,16,24,44,1,1,15,61,2,14,33,0
Thornhill ciskei,108.87,6088,45,55,100,0,0,99,0,0,0,0,10,28,46,1,1,13,84,0,1,15,0
Moroka,28.92,238354,50,50,0,100,0,99,0,0,0,0,3,14,66,2,5,11,68,13,19,0,0
Komatipoort,1123.88,21544,56,44,18,79,3,68,1,1,30,1,19,23,36,3,2,17,85,6,26,3,0
Leeudoringstad,1461.12,16386,49,51,0,82,18,88,1,0,11,0,13,26,46,2,1,13,93,1,11,1,0
Lingelethu-west,19.22,64371,48,52,0,100,0,99,1,0,0,1,2,16,64,3,3,12,89,1,40,0,0
Ugie,1336.45,14069,48,52,0,96,4,94,3,0,3,0,10,26,47,2,1,13,88,2,3,7,0
Chalumna,322.67,11872,48,52,100,0,0,100,0,0,0,0,12,28,46,1,1,13,30,1,7,66,0
Campbell,3432.58,4318,51,49,0,77,23,41,51,1,3,4,11,28,48,1,1,11,77,1,73,4,0
Engcobo,2351.00,108884,46,54,91,9,0,100,0,0,0,0,10,31,42,1,1,14,24,7,5,65,0
Darling,1547.59,15411,49,51,0,79,21,11,68,1,19,2,5,22,54,4,2,11,97,1,2,0,0
Yeoville,6.99,42862,51,49,0,100,0,68,6,6,17,3,4,12,50,10,6,18,25,56,17,1,0
Ntabankulu,1899.01,119994,46,54,97,3,0,99,0,0,0,0,10,33,41,1,1,14,16,3,3,78,0
Glen,1088.57,1177,53,47,0,0,100,81,2,0,17,0,6,23,50,3,2,15,90,1,11,1,0
Allanridge,337.62,19815,49,51,0,98,2,94,0,0,6,0,5,24,57,1,1,13,93,1,12,0,0
Stilfontein,581.22,17726,53,47,0,97,3,37,1,0,61,0,2,12,68,5,3,10,89,9,4,0,0
Kwanokuthula,125.91,20941,49,51,0,99,1,68,17,0,3,12,2,19,63,2,2,12,83,1,17,1,0
Mfuleni,41.28,115794,50,50,0,100,0,64,34,0,0,1,3,18,62,2,1,14,77,8,53,0,0
Clanwilliam,6149.62,15532,50,50,0,88,12,26,58,1,14,1,9,31,39,3,2,17,92,4,17,1,0
Erasmia,260.13,23107,58,42,0,93,7,64,1,27,8,1,5,12,64,6,3,11,29,4,73,1,0
Leeu gamka,8426.57,5389,51,49,0,80,20,6,82,1,10,1,8,25,49,2,3,14,97,0,4,0,0
Botshabelo,72.64,81876,47,53,0,100,0,99,0,0,0,0,5,22,57,2,2,12,92,1,14,1,0
Tinmyne,2500.03,46263,46,54,95,0,5,99,0,0,1,0,12,25,47,1,1,14,95,0,5,2,0
Venterstad,2700.67,6257,49,51,0,90,10,58,35,0,6,0,12,28,44,2,1,12,98,1,0,1,0
Joza,178.60,34765,46,54,0,100,0,98,2,0,0,0,5,21,59,2,2,11,84,4,14,5,0
Southport,171.30,21715,48,52,41,35,24,78,1,2,19,0,7,20,54,4,3,12,71,7,7,17,0
Kei bridge,199.41,5609,48,52,100,0,0,100,0,0,0,0,7,31,49,1,1,11,43,1,3,54,0
Elukwatini,430.00,65058,46,54,99,0,1,99,0,0,0,0,10,23,51,2,2,13,89,1,6,7,0
Babanango,1661.29,28358,46,54,74,12,14,99,0,0,0,0,10,28,45,1,0,16,34,9,1,55,0
Empangeni,750.98,146028,50,50,36,60,5,88,1,2,8,0,6,20,55,4,3,12,76,9,8,9,0
Eendekuil,1000.79,5669,50,50,0,100,0,15,57,1,26,1,9,30,45,2,2,11,92,4,5,0,0
Fochville,935.11,47017,51,49,0,93,7,75,3,0,21,1,8,20,55,2,2,13,89,3,29,0,0
Onseepkans,2901.14,4039,52,48,0,98,2,46,48,0,3,2,5,20,66,1,1,7,64,10,3,24,0
Mokopane,1465.72,44406,49,51,5,91,4,76,0,3,20,1,5,17,55,6,3,14,92,5,4,1,0
Brakpan,223.76,76299,51,49,0,100,0,42,2,4,51,0,2,12,64,6,5,11,82,12,23,0,0
Upington,22424.41,32598,51,49,0,89,11,13,58,1,27,1,5,20,57,5,3,10,85,9,26,1,0
Port nolloth,6552.95,7106,51,49,0,98,2,15,74,1,9,2,2,19,63,3,2,11,76,20,4,1,0
Westenburg,1655.54,92863,53,47,0,82,18,72,7,5,14,1,4,14,54,9,6,14,81,5,20,1,0
Hoedspruit,4293.74,34861,48,52,73,9,18,88,1,0,10,0,14,19,48,3,2,15,94,1,2,3,0
Hekpoort,496.36,3932,52,48,0,0,100,55,8,3,32,1,17,43,13,5,2,20,86,2,31,2,0
Olievenhoutbosch,93.80,97376,53,47,0,100,0,78,2,4,14,2,3,14,51,12,5,15,61,11,31,0,0
Verkykerskop,2523.17,3015,50,50,0,0,100,93,0,0,7,0,10,32,41,2,1,16,40,0,1,59,0
De rust,926.06,5911,48,52,0,100,0,4,74,1,20,1,4,29,53,2,1,11,94,2,24,0,0
Gingindlovu,368.09,33605,47,53,92,6,2,97,1,2,1,0,9,27,48,1,1,14,69,3,2,27,0
Taylors halt,316.65,96499,48,52,100,0,0,99,0,0,0,0,7,22,57,1,1,12,32,5,3,59,0
Brackenfell,76.76,50658,49,51,0,99,1,10,13,1,75,1,2,10,51,18,10,10,73,25,4,0,0
Kanoneiland,644.14,4015,53,47,0,52,48,31,59,1,7,1,11,36,37,1,2,12,74,19,15,5,0
Honeydew,133.69,220840,50,50,0,100,0,50,3,6,40,1,2,10,49,19,8,12,52,40,17,0,0
Bolotwa,688.33,17109,48,52,99,0,1,100,0,0,0,0,15,33,38,1,1,12,24,4,2,70,0
Nietverdiend,3151.62,1112,63,37,2,0,98,85,1,0,14,0,12,15,37,3,2,31,93,2,9,1,0
Evaton,54.92,210760,48,52,0,100,0,99,0,0,0,0,4,18,62,2,3,12,78,1,27,1,0
Linden,33.45,65808,47,53,0,100,0,36,3,8,51,1,2,9,44,27,8,10,61,34,6,0,0
Simon's town,219.03,13043,64,36,0,99,1,26,13,4,54,3,1,9,51,20,9,9,83,13,16,1,0
Mossel bay,16.91,10499,46,54,0,100,0,11,28,1,59,1,1,9,61,13,5,11,80,16,4,0,0
Khayelitsha,12.31,154362,49,51,0,100,0,99,1,0,0,1,3,17,66,1,1,12,82,1,149,1,0
Welbekend,616.44,18722,52,48,0,48,52,59,1,1,38,1,6,13,48,16,6,11,60,33,15,2,0
Umzimkhulu,757.49,61388,46,54,41,20,39,99,1,0,0,0,3,29,50,1,2,15,34,4,6,58,0
Thornhill,533.27,7759,51,49,0,88,12,39,48,0,12,1,5,24,58,2,1,10,86,2,21,3,0
Riviersonderend,1161.42,7859,50,50,0,64,36,14,71,0,14,1,5,24,54,3,3,11,96,1,10,0,0
Kwa thema,19.98,96034,51,49,0,100,0,99,0,0,0,0,4,16,64,2,5,10,86,1,24,0,0
Jan kempdorp,395.54,26865,49,51,0,98,2,81,13,0,5,0,14,25,47,1,1,12,89,4,27,3,0
Napier,1219.64,6779,50,50,0,54,46,11,66,0,22,1,4,21,57,6,2,11,96,2,7,0,0
Phumalanga,708.31,16060,47,53,100,0,0,100,0,0,0,0,9,32,46,1,1,13,48,4,1,47,0
Mkhuze,2087.16,17777,47,53,56,32,12,97,0,0,2,0,13,24,46,2,1,15,69,11,4,17,0
Kanyamazane,67.07,51668,47,53,70,29,1,99,1,0,0,0,5,16,58,4,6,12,93,2,6,0,0
Thabong,46.86,113471,49,51,0,100,0,99,0,0,0,0,4,19,63,2,2,11,85,2,26,0,0
Mecklenburg,1211.01,131329,47,53,100,0,0,100,0,0,0,0,10,20,54,1,1,14,93,0,12,3,0
Gariepdam,827.15,1763,50,50,0,88,12,31,47,0,20,1,5,18,49,2,2,23,85,5,8,2,0
Mokopong,2387.28,545,64,36,0,0,100,84,4,0,12,0,24,19,40,4,0,14,80,0,27,2,0
Paddock,407.74,13117,49,51,69,0,31,93,1,0,6,0,7,24,53,1,2,12,80,3,3,15,0
Kwadwesi,38.37,54343,47,53,0,100,0,97,3,0,0,0,3,18,60,4,3,11,93,2,27,0,0
Phoenix,55.85,204430,49,51,0,100,0,20,2,75,2,1,3,13,69,4,3,9,65,31,7,1,0
Mayville-kzn,8.12,32836,48,52,0,100,0,33,7,42,16,2,2,12,52,15,7,13,40,56,9,1,0
Loate,50.62,105378,50,50,0,100,0,99,0,0,0,0,10,19,55,1,2,14,94,1,20,1,0
Seymour,478.56,6033,49,51,52,41,7,94,5,0,0,0,6,33,49,0,1,11,60,0,1,39,0
Wellington,434.04,53616,49,51,0,92,8,14,62,1,22,1,3,17,59,5,3,12,81,8,11,0,0
Moffatview,32.11,67017,50,50,0,100,0,48,12,5,33,2,2,11,61,7,6,11,60,21,19,0,0
Grootvlei,1073.91,6706,53,47,0,77,23,72,1,1,26,0,8,20,52,2,4,14,89,3,56,1,0
Helpmekaar,1028.53,23466,47,53,84,0,16,99,0,0,1,0,9,28,46,1,1,15,67,1,8,24,0
Duduza,61.22,73763,49,51,0,100,0,99,0,0,0,0,5,19,61,1,2,12,92,1,36,0,0
Ibisi,720.88,48416,45,55,28,12,60,100,0,0,0,0,4,30,48,1,1,15,28,5,2,65,0
Vaalbank,445.22,53459,47,53,70,30,0,99,0,0,0,0,9,23,53,1,2,13,93,1,12,1,0
Roadside,1086.19,1124,56,44,0,0,100,83,1,0,16,0,8,29,48,3,2,10,66,1,11,27,0
Osizweni,178.75,147688,47,53,47,53,0,100,0,0,0,0,5,24,55,1,2,13,91,2,7,2,0
Ocean view,37.71,40392,51,49,0,100,0,16,58,1,18,8,5,20,50,5,3,17,52,9,63,1,0
Villa nora,2870.98,34532,47,53,95,0,5,99,0,0,1,0,8,26,50,1,1,14,88,0,12,2,0
Nongoma,2878.39,198888,45,55,96,4,0,99,0,0,0,0,10,27,45,1,1,16,52,7,6,35,0
Kinross,108.78,15563,52,48,0,98,2,77,6,9,6,2,6,17,58,4,3,11,80,2,30,0,0
Bedford,2992.89,10480,48,52,0,89,11,68,26,0,5,1,5,24,54,2,2,13,86,10,17,3,0
Glencoe,314.78,18592,49,51,0,98,2,83,1,7,9,0,4,20,53,2,2,18,93,3,2,2,0
Hertzogville,4091.40,12803,51,49,0,74,26,88,2,0,9,0,13,26,46,2,1,13,85,1,24,1,0
Kamesh,28.09,70406,48,52,0,100,0,29,68,1,1,1,4,18,64,1,1,11,85,4,25,0,0
Mooifontein,922.83,45528,47,53,98,0,2,99,0,0,0,0,12,28,44,1,1,14,92,1,23,4,0
Nyanga,17.00,202332,50,50,0,100,0,94,5,0,0,1,3,18,63,1,1,14,62,7,93,0,0
Parys,1107.30,10180,47,53,0,86,14,29,1,1,69,0,3,10,62,10,3,13,83,15,3,0,0
Steunmekaar,1264.09,1213,82,18,0,0,100,58,24,0,17,1,14,21,48,4,1,12,99,0,3,1,0
Warden,1634.70,13892,49,51,0,75,25,91,0,0,8,0,6,25,54,2,1,12,81,1,22,9,0
Msobomvu,193.57,41626,45,55,19,81,0,99,0,0,0,0,2,19,55,7,5,13,75,11,27,5,0
Hillbrow,12.29,137778,49,51,0,100,0,80,3,6,8,2,3,11,48,11,7,20,9,86,4,1,0
Gonubie,286.75,24727,48,52,0,91,9,54,2,1,43,1,3,15,57,10,5,11,78,13,48,1,0
Hibberdene,327.04,64184,48,52,88,6,6,94,1,1,4,0,8,23,51,1,2,14,69,9,4,19,0
Ematsheni,306.31,30092,46,54,100,0,0,100,0,0,0,0,8,27,50,1,1,14,41,3,7,49,0
Alexandra,8.95,177765,52,48,0,100,0,96,2,0,0,1,5,20,54,2,4,15,71,12,35,0,0
Meyerton,339.21,47354,51,49,0,92,8,49,1,1,49,0,4,14,60,6,4,12,86,6,35,0,0
Kestell,1355.87,11044,47,53,0,75,25,91,0,0,8,0,9,23,52,2,1,14,85,1,12,7,0
Claremont,28.94,30901,48,52,0,100,0,16,11,5,65,3,1,7,33,41,8,11,54,45,1,0,0
Badplaas,1887.33,11857,50,50,4,59,37,94,0,0,5,0,10,21,53,1,1,14,80,1,7,16,0
Boipatong,15.95,24357,50,50,0,100,0,99,0,0,0,0,3,17,65,1,2,11,84,1,20,0,0
Bonnievale,782.10,13959,50,50,0,95,5,15,69,0,14,3,6,29,50,2,2,11,91,4,11,0,0
Rietvlei,706.97,5633,46,54,0,0,100,87,0,0,12,1,19,32,29,1,1,17,50,3,2,45,0
Devon,410.98,10717,54,46,0,88,12,93,1,1,5,0,8,20,53,1,1,18,93,2,18,1,0
Villiers,924.41,18153,48,52,0,97,3,92,0,0,7,0,9,23,52,1,2,12,90,1,37,1,0
Dewetsdorp,3206.45,11493,47,53,0,83,17,91,1,0,7,0,6,26,54,2,1,12,90,2,15,1,0
Modder river,1351.26,15658,49,51,0,95,5,51,45,1,3,1,11,25,51,1,0,12,78,10,68,1,0
Vryburg,4634.98,32658,51,49,12,65,23,57,24,2,16,1,13,21,45,5,2,14,92,3,17,2,0
Bronkhorstspruit,1761.43,61002,51,49,2,85,13,82,1,1,15,1,9,19,50,4,4,14,81,7,39,3,0
Charlestown,550.51,8294,47,53,0,89,11,95,0,0,4,0,10,26,49,1,1,13,38,2,13,51,0
Lindley,1417.75,13567,47,53,0,88,12,94,0,0,5,0,9,26,49,2,1,13,73,1,28,3,0
Smithfield,3708.66,6168,47,53,0,78,22,89,5,0,6,0,9,24,49,2,1,14,93,1,7,1,0
Welkom,669.04,66047,50,50,0,99,1,60,2,1,36,0,2,12,57,9,6,14,85,11,6,0,0
Ravensmead,21.34,61418,48,52,0,100,0,13,75,9,0,3,3,17,65,2,2,12,78,10,19,0,0
Roossenekal,869.64,7787,51,49,29,34,37,95,0,0,5,0,16,20,47,1,1,14,79,1,24,10,0
Kenhardt,25695.81,5958,50,50,0,81,19,3,88,1,7,0,9,21,55,1,1,13,86,13,6,0,0
Vereeniging,592.34,83720,51,49,0,98,2,46,2,1,50,1,2,10,59,11,7,11,76,17,12,0,0
Ogies,1079.30,42724,53,47,0,82,18,95,1,0,4,0,7,17,58,1,2,14,82,2,31,5,0
Eldorado park,44.11,73947,49,51,0,100,0,26,71,1,0,1,2,14,68,2,2,12,74,16,29,0,0
Port shepstone,251.24,75574,48,52,14,78,8,53,5,26,15,0,5,19,56,4,3,13,78,10,13,5,0
Howick,832.98,37739,48,52,0,97,3,63,3,9,24,0,6,17,58,6,4,10,72,11,20,5,0
Tembisa south,9.65,112293,52,48,0,100,0,97,1,0,0,2,3,14,64,3,4,12,74,1,43,0,0
Witbank,1140.47,106959,52,48,0,97,3,45,2,3,50,1,3,12,56,10,7,12,77,17,12,2,0
Ikamvelihle,9.00,43469,47,53,0,100,0,99,0,0,0,0,2,17,67,2,2,11,96,1,3,0,0
Port st johns,875.06,72581,46,54,100,0,0,99,1,0,0,0,9,31,43,1,1,14,18,6,6,71,0
Motetema,330.88,78057,45,55,93,7,0,100,0,0,0,0,13,22,48,2,1,14,92,1,5,3,0
Lethabong,327.20,26354,47,53,0,100,0,99,0,0,0,0,9,23,54,0,1,13,90,1,79,0,0
Ladismith,5800.87,17393,49,51,0,88,12,6,80,0,13,1,5,24,55,2,1,13,96,2,2,0,0
Willowmore,6190.60,9784,49,51,0,81,19,9,85,0,6,0,5,23,56,1,1,14,93,5,1,1,0
Mount road,43.19,35623,48,52,0,100,0,16,21,2,60,1,1,9,59,15,7,9,66,32,2,0,0
Strand,19.65,51600,48,52,0,100,0,10,47,1,40,2,2,13,58,10,5,12,70,24,7,0,0
Koppies,1402.57,15929,48,52,0,87,13,92,1,0,7,0,6,26,53,1,2,12,82,1,23,0,0
Jane furse,376.50,58033,45,55,100,0,0,100,0,0,0,0,12,22,50,2,1,14,93,0,7,3,0
Jeffreys bay,378.30,29173,49,51,0,100,0,22,30,0,47,1,3,16,58,8,4,12,82,6,24,1,0
Mogwadi,1750.05,28288,47,53,78,11,11,97,0,0,2,0,10,21,47,2,2,17,96,1,5,1,0
Hopefield,1367.98,8894,50,50,0,80,20,5,75,1,19,1,4,20,61,3,3,9,92,5,2,1,0
Tsomo,1428.08,49580,48,52,96,4,0,99,0,0,0,0,5,29,50,1,1,13,29,4,2,65,0
Lutzville,2983.70,14476,51,49,0,76,24,8,75,1,16,0,5,25,54,2,2,12,90,5,11,1,0
Ga-rankuwa,73.62,97751,49,51,8,92,0,99,0,0,0,0,4,14,62,4,5,11,91,0,22,0,0
Ladybrand,1417.33,28548,48,52,0,92,8,88,3,1,7,1,4,21,55,3,3,13,84,2,18,1,0
Dundee,1071.34,41286,49,51,0,90,10,81,4,7,8,1,5,21,55,3,4,13,85,4,10,7,0
Adelaide,1656.62,13588,48,52,0,90,10,76,18,0,5,1,4,23,55,2,1,14,85,8,4,4,0
Franschhoek,443.60,22535,50,50,0,83,17,33,57,0,9,1,3,18,63,3,1,11,77,3,62,2,0
Nquthu,1418.65,100694,45,55,95,5,0,100,0,0,0,0,9,28,45,1,1,16,57,5,2,36,0
Magaliesburg,318.41,12455,51,49,0,68,32,83,1,1,14,1,6,21,53,3,2,14,77,4,40,1,0
Colenso,744.49,12431,46,54,0,64,36,92,1,2,4,0,9,28,44,1,2,16,68,7,3,22,0
Steenberg,13.16,61726,48,52,0,100,0,7,89,1,1,2,2,17,65,3,3,10,63,29,10,0,0
Volksrust,1645.36,28373,48,52,0,84,16,81,1,2,16,0,7,20,55,3,3,11,85,4,10,6,0
Bhisho,73.95,17229,47,53,27,72,0,99,1,0,0,0,3,18,53,9,6,11,79,3,12,12,0
Fort brown,1797.30,1148,50,50,0,0,100,82,6,0,12,0,9,24,51,3,1,11,85,2,6,13,0
Sunrise,5.81,16376,49,51,0,100,0,15,84,1,0,1,8,25,54,1,1,13,95,1,5,0,0
Ceza,298.37,30700,45,55,100,0,0,99,0,0,0,0,16,26,42,1,1,14,27,9,1,63,0
Coligny,1829.76,31903,52,48,0,70,30,89,2,0,9,0,13,29,41,1,1,15,93,1,18,1,0
Ritavi,183.13,91987,47,53,76,23,1,99,0,0,0,0,9,19,53,3,3,13,93,0,4,5,0
Mutale,933.46,54935,45,55,95,5,0,100,0,0,0,0,9,23,50,3,2,13,91,0,1,8,0
Sawoti,491.13,32534,46,54,84,0,16,99,0,1,0,0,16,28,40,0,1,14,24,3,4,70,0
Florida,58.70,66057,48,52,0,100,0,27,24,7,40,2,2,10,56,15,7,10,59,35,9,0,0
Caledon,2049.76,27351,52,48,0,85,15,15,68,1,16,1,3,18,58,3,3,13,75,15,14,1,0
Bothaville,3015.24,50676,48,52,0,91,9,93,1,0,6,0,6,24,53,2,1,13,89,2,18,0,0
Berlin,320.32,13417,48,52,62,35,2,98,0,0,1,0,7,24,54,1,2,12,70,2,12,20,0
Elandskraal,638.86,18164,46,54,64,35,1,99,0,0,0,0,13,25,45,1,1,15,91,0,7,3,0
Hartbeespoortdam,505.32,37763,55,45,0,75,25,38,1,1,59,1,8,15,45,14,6,13,81,8,38,1,0
Newark,172.78,14648,48,52,52,32,17,79,3,17,1,1,7,26,52,1,1,13,84,1,4,13,0
Dysselsdorp,502.53,14949,48,52,0,85,15,7,88,1,3,1,5,28,55,0,0,11,91,0,11,1,0
Ottoshoop,1646.03,7599,55,45,44,5,51,80,2,1,17,0,17,24,32,3,1,22,92,1,35,2,0
Pella,5924.62,3386,52,48,0,79,21,8,89,0,2,1,3,22,63,1,1,10,87,0,0,12,0
Magudu,1331.11,8158,52,48,8,0,92,94,0,0,6,0,15,28,43,1,1,12,77,1,2,20,0
Ekulindeni,572.12,8667,47,53,48,46,6,99,0,0,0,0,13,24,48,1,1,13,90,0,1,9,0
Pongola,1302.99,109205,47,53,72,25,3,97,0,0,2,0,10,25,48,1,1,15,79,7,3,12,0
Deben,1887.12,8260,51,49,0,92,8,62,29,0,8,1,18,24,46,0,0,11,82,2,40,0,0
Zamdela,478.81,84212,51,49,0,100,0,98,0,0,2,0,4,20,61,1,2,12,81,5,22,0,0
Ipelegeng,151.46,36599,48,52,0,100,0,97,2,0,0,0,15,27,42,1,1,14,91,3,19,0,0
Harding,1432.77,94154,46,54,87,10,3,98,1,0,0,0,9,30,44,1,1,15,39,6,6,50,0
Harare,26.08,172475,49,51,0,100,0,98,1,0,0,1,2,16,66,1,1,13,77,2,104,0,0
New brighton,15.63,96711,48,52,0,100,0,99,0,0,0,0,2,16,67,2,2,10,58,36,24,1,0
Zastron,2678.31,17429,47,53,0,90,10,93,1,0,6,0,8,27,49,2,1,13,84,2,22,0,0
Batho,3.01,15869,51,49,0,100,0,98,1,0,0,1,3,16,63,3,5,11,89,1,13,0,0
Genadendal,754.25,10670,51,49,0,95,5,9,78,0,11,2,4,22,58,4,2,10,93,2,6,1,0
Verkeerdevlei,1444.83,3030,49,51,0,70,30,92,1,0,7,0,7,27,52,2,1,12,94,0,11,1,0
Excelsior,1445.60,7216,48,52,0,88,12,93,0,0,6,0,6,23,52,2,1,16,87,0,12,5,0
Garsfontein,67.23,101378,47,53,0,100,0,19,2,2,76,1,2,9,36,35,9,10,61,37,3,0,0
Mqanduli,1168.97,87448,46,54,97,3,0,100,0,0,0,0,11,31,44,1,1,13,26,8,6,60,0
Paarl east,42.53,83690,49,51,0,97,3,16,80,1,1,2,3,21,58,2,2,14,65,21,21,1,0
Pearston,3607.63,5062,49,51,0,89,11,36,59,0,3,1,10,25,49,1,1,13,95,3,3,0,0
Greylingstad,1084.32,8661,51,49,0,80,20,90,0,0,9,0,9,24,52,1,1,12,88,1,45,1,0
Seshego,704.44,192562,47,53,60,39,0,100,0,0,0,0,5,18,57,4,4,12,92,1,12,0,0
St faiths,320.40,20731,46,54,100,0,0,100,0,0,0,0,9,29,47,1,1,14,23,2,1,74,0
Kwamashu e,18.63,146684,53,47,0,100,0,99,0,1,0,0,3,15,68,2,3,10,78,10,33,1,0
Dannhauser,1200.33,72964,47,53,79,13,7,97,0,2,1,0,5,27,53,1,1,14,77,7,2,14,0
Ngodwana,991.34,7943,56,44,0,94,6,68,1,1,30,0,9,17,48,6,5,15,76,11,27,8,0
Tubatse,1106.38,92273,46,54,84,16,0,100,0,0,0,0,8,21,54,2,1,14,90,1,10,5,0
Masemola,668.06,38520,43,57,100,0,0,100,0,0,0,0,15,25,44,1,1,14,96,0,3,3,0
Lambertsbaai,750.21,7078,49,51,0,89,11,9,74,0,17,0,3,18,61,2,2,13,89,3,12,0,0
Maartenshoop,1184.41,5396,50,50,42,0,58,96,0,0,4,0,12,21,50,0,1,15,72,3,53,21,0
Burgersfort,1229.29,50671,52,48,74,17,9,91,1,1,7,0,6,19,56,2,2,15,83,3,27,5,0
Dieprivier,33.05,38699,46,54,0,100,0,10,30,2,55,3,1,9,50,21,10,9,72,27,1,0,0
Hilton-kzn,126.66,10873,50,50,0,99,0,32,2,2,63,1,3,12,33,23,6,23,87,9,4,1,0
Temba,331.22,240228,49,51,77,23,0,99,0,0,0,0,6,19,59,2,2,12,92,1,23,1,0
Victoria west,9436.05,9882,49,51,0,85,15,24,67,1,8,1,11,24,47,2,1,14,88,4,15,4,0
Niekerkshoop,5582.90,2753,53,47,0,68,32,9,84,0,7,0,12,25,47,2,1,13,82,16,6,1,0
Ashton,422.75,18655,49,51,0,89,11,43,49,0,7,1,6,21,57,2,1,14,86,6,8,1,0
Petrusburg,3472.94,10462,50,50,0,82,18,83,6,0,10,0,14,23,48,1,1,14,89,1,18,0,0
Delareyville,2657.62,25474,52,48,1,52,47,79,4,1,16,1,19,26,35,3,1,15,86,5,32,4,0
George,3192.97,61715,49,51,0,93,7,9,28,1,61,2,2,14,55,11,6,12,84,12,7,1,0
Piet plessis,3157.14,6004,56,44,5,34,62,86,2,0,11,0,35,24,25,1,1,14,89,1,12,6,0
Kagisanong,144.47,86836,47,53,0,100,0,98,1,0,0,0,3,17,61,5,4,11,93,1,21,0,0
Tshilwavhusiku,229.22,67637,45,55,100,0,0,100,0,0,0,0,12,21,50,2,2,14,97,0,2,2,0
Riebeek west,895.38,16125,50,50,0,80,20,17,64,1,18,1,6,23,49,4,1,16,83,13,5,0,0
Belhar,12.29,56835,48,52,0,100,0,6,88,1,0,5,2,16,65,4,2,11,84,13,3,0,0
Humansdorp,1943.81,34098,49,51,0,91,9,38,52,0,9,1,5,21,55,2,2,15,87,4,31,1,0
Tshitale,692.57,41106,45,55,99,0,1,100,0,0,0,0,14,22,47,2,1,14,92,0,1,6,0
Kuyasa,5.49,10072,48,52,0,100,0,94,4,0,0,1,11,24,51,2,1,11,91,1,25,1,0
Mothutlung,68.57,12230,50,50,13,87,0,99,1,0,0,0,4,16,62,2,5,11,85,0,32,0,0
Mhluzi,205.79,88045,51,49,0,99,1,98,1,0,1,1,6,17,62,1,3,11,81,2,27,1,0
Prestbury,23.69,14452,55,45,2,98,0,45,6,5,43,1,2,12,49,14,10,13,70,25,12,1,0
Mount frere,2239.70,111230,46,54,94,6,0,99,0,0,0,0,4,28,50,2,2,14,24,7,10,61,0
Addo,728.29,20938,50,50,0,99,1,78,18,0,3,1,7,29,49,1,1,13,89,1,16,3,0
Msinsini,596.80,37505,46,54,100,0,0,100,0,0,0,0,11,28,45,0,1,15,26,6,2,66,0
Reivilo,3796.35,7214,51,49,2,58,40,81,10,0,8,1,18,26,35,2,1,18,94,0,12,2,0
Mothibistad,2253.55,68818,47,53,100,0,0,98,1,0,0,0,7,25,51,1,2,13,84,1,11,11,0
Mangaung,20.31,51858,49,51,0,100,0,95,3,0,2,0,3,17,60,4,4,13,89,4,9,0,0
Bell,564.48,6848,47,53,77,19,4,99,0,0,1,0,8,26,51,1,1,12,77,1,16,18,0
Zaaiplaas,170.66,14817,46,54,99,0,1,100,0,0,0,0,20,24,41,0,1,14,86,1,2,12,0
Gelvandale,28.55,75022,48,52,0,100,0,6,83,8,1,3,2,16,66,3,2,11,64,28,10,0,0
Steinkopf,4086.31,8383,48,52,0,96,4,3,95,0,1,1,2,19,63,1,1,14,97,0,3,1,0
Cookhouse,2946.89,8759,50,50,0,68,32,74,19,0,6,1,6,29,50,1,1,13,79,19,2,1,0
Bethulie,2715.37,7302,48,52,0,89,11,77,12,1,9,0,9,20,53,2,2,14,96,1,8,0,0
Vryheid,2133.40,63896,48,52,1,83,16,84,2,1,13,0,7,21,51,4,3,15,80,5,6,11,0
Alicedale,625.32,4420,49,51,0,83,17,81,15,1,4,0,7,20,57,2,1,13,74,17,17,1,0
Hartbeesfontein,1960.94,29647,51,49,0,72,28,89,1,0,10,0,14,23,47,1,1,14,85,2,17,5,0
Sterkspruit,1061.62,59303,46,54,93,7,0,99,0,0,0,0,7,27,49,2,2,12,71,2,3,25,0
Navalsig,326.43,13879,50,50,0,97,3,46,7,1,45,1,2,12,52,11,5,17,57,38,5,1,0
Beacon bay,115.70,30945,48,52,0,98,2,64,2,2,32,0,3,14,53,13,6,12,67,20,33,0,0
Kraaifontein,155.18,165572,50,50,0,99,1,38,42,0,18,2,3,17,61,4,3,12,82,4,21,1,0
Kranskop,1548.72,56330,44,56,87,3,10,98,0,0,1,0,17,25,40,1,1,15,29,4,3,66,0
Tulbagh,683.78,18759,51,49,0,71,29,18,75,0,6,1,5,21,58,2,1,13,85,7,19,3,0
Nuwerus,9131.30,5069,49,51,0,100,0,10,75,1,14,0,5,23,57,1,1,13,84,10,7,1,0
Van zylsrus,8655.06,2860,49,51,0,0,100,32,50,1,16,1,25,22,32,3,1,17,83,2,14,4,0
Ficksburg,1270.43,45413,46,54,0,94,6,91,2,1,6,0,6,21,54,3,1,15,83,3,44,3,0
Maletswai,6.42,17912,47,53,0,100,0,99,0,0,0,0,7,25,52,1,2,13,85,4,24,0,0
Mamelodi,14.12,72533,54,46,0,100,0,98,1,0,0,0,4,13,65,3,5,9,78,2,21,0,0
Waterpoort,2170.11,3868,55,45,0,0,100,89,0,1,10,0,13,10,64,2,1,10,79,2,18,16,0
Edenpark,31.93,82492,51,49,0,100,0,76,19,4,0,1,3,17,65,1,2,12,77,1,24,0,0
Maitland,12.21,19529,51,49,0,100,0,34,46,2,15,3,2,11,62,6,4,15,57,40,6,0,0
Fairland,15.36,21499,46,54,0,100,0,23,3,5,67,1,2,9,39,33,8,8,60,35,4,0,0
Kwanobuhle,35.22,105585,48,52,0,100,0,99,1,0,0,0,4,20,62,1,2,11,94,1,12,0,0
Acornhoek,587.08,127623,45,55,100,0,0,100,0,0,0,0,10,23,51,1,2,13,96,0,1,3,0
Ingogo,741.33,4040,51,49,0,0,100,85,3,1,10,0,11,26,50,1,1,12,34,1,6,59,0
Saldanha,233.98,28968,49,51,0,98,2,26,56,1,15,1,2,16,65,3,2,13,88,5,34,0,0
Vorstershoop,4688.01,730,75,25,0,0,100,91,3,0,6,0,27,25,37,2,0,9,58,2,50,5,0
Franklin,520.29,3929,49,51,0,74,26,6,20,3,70,1,9,32,42,2,1,14,57,11,16,26,0
Brighton beach,31.09,35017,51,49,0,100,0,27,12,16,44,1,2,11,63,9,6,8,73,22,8,1,0
Elliot,2304.02,18117,48,52,2,85,13,93,2,0,4,0,10,28,43,2,2,15,75,7,16,11,0
Doring bay,723.49,3306,49,51,0,67,33,11,72,1,15,0,4,22,55,1,1,16,88,8,5,1,0
Ladysmith,1151.91,105650,48,52,17,72,11,80,2,11,6,0,5,20,56,4,3,13,73,8,8,13,0
Cloetesville,30.30,51190,49,51,0,99,1,30,61,0,8,1,3,17,59,5,3,14,64,23,50,1,0
Sinoville,117.69,68869,48,52,0,100,0,25,1,1,72,1,2,9,48,22,9,9,66,31,3,1,0
Vuwani,447.93,82844,45,55,97,3,0,100,0,0,0,0,10,21,51,3,2,13,90,1,1,7,0
Richards bay,303.65,76031,50,50,17,80,2,50,3,17,29,0,4,15,57,7,5,12,71,21,3,6,0
Bainsvlei,1631.66,21457,49,51,0,72,28,31,4,1,64,1,3,12,43,24,7,12,50,46,5,0,0
Makgobistad,1222.87,16500,47,53,100,0,0,99,0,0,0,0,13,29,44,1,1,13,91,0,5,6,0
Musina,5411.59,57284,50,50,0,57,43,83,1,1,14,1,8,16,54,2,3,17,71,3,21,9,0
Burgersdorp,5400.75,18758,49,51,0,85,15,77,12,0,11,0,9,26,47,2,3,14,92,5,3,1,0
Kei mouth,459.31,3054,49,51,0,74,25,80,2,0,17,0,11,21,51,3,2,11,72,6,25,14,0
Lothair,1428.20,14358,48,52,2,46,52,97,1,0,2,0,12,25,49,1,1,13,61,2,22,27,0
Montclair,19.97,34526,51,49,0,100,0,61,3,13,22,1,2,11,57,13,9,9,69,29,3,1,0
Pofadder,9618.33,3549,48,52,0,93,7,4,87,0,8,1,2,22,60,1,1,13,90,2,10,2,0
Steynsburg,3733.01,8626,48,52,0,84,16,75,18,0,6,1,11,29,44,2,2,12,89,10,6,1,0
Inyibiba,32.72,43244,46,54,1,99,0,99,0,0,0,0,3,16,59,4,6,11,93,2,13,3,0
Bothithong,2042.95,33674,44,56,100,0,0,99,0,0,0,0,14,31,38,1,1,15,90,1,3,7,0
Galeshewe,30.55,78685,48,52,0,100,0,91,8,0,0,0,5,19,61,2,2,11,88,2,14,0,0
Struisbaai,495.63,4512,48,52,0,94,6,12,47,0,39,1,3,15,62,8,4,7,89,6,14,1,0
Eshowe,1117.21,98147,46,54,76,20,4,96,1,1,2,0,12,24,47,2,2,13,57,8,5,32,0
Huhudi,766.58,26626,48,52,0,96,4,95,3,0,1,1,8,23,53,2,2,12,83,3,32,0,0
Northam,1561.20,30768,64,36,0,91,8,81,1,1,16,1,6,14,63,2,3,13,75,3,36,2,0
Balfour,595.42,4209,48,52,43,41,17,96,4,0,0,0,7,32,51,0,0,9,22,1,1,77,0
Norvalspont,288.95,1374,46,54,0,87,13,88,9,0,2,0,21,23,46,1,0,10,93,1,13,0,0
Philipstown,3891.42,3985,48,52,0,84,16,32,61,0,7,0,12,28,46,1,1,11,99,0,1,0,0
Bekkersdal,179.47,77221,52,48,0,91,9,98,1,0,1,1,6,19,62,1,1,12,77,2,99,0,0
Komga,1310.82,10402,49,51,0,87,13,90,4,0,6,0,10,23,52,2,1,12,76,1,15,10,0
Albertinia,1788.26,8328,49,51,0,78,22,11,57,0,30,1,5,20,60,3,2,10,95,2,3,0,0
Nababeep,2810.65,17464,49,51,0,99,1,3,94,0,2,0,2,19,67,1,2,9,96,1,2,1,0
Severn,8230.51,4088,51,49,66,0,34,91,4,0,4,0,19,26,29,1,1,25,59,1,6,36,0
Esikhawini,211.03,115280,48,52,31,68,1,99,1,0,0,0,6,21,54,3,3,13,80,9,2,10,0
Ndumo,827.67,39282,46,54,100,0,0,100,0,0,0,0,17,29,37,1,1,15,67,6,2,25,0
Moyeni,344.01,7233,46,54,96,2,2,98,0,0,1,0,13,25,49,1,1,12,79,1,8,16,0
Sea point,10.90,24808,47,53,0,100,0,19,8,3,67,4,1,5,36,35,8,16,22,76,2,1,0
Mbazwana,2031.79,42734,46,54,100,0,0,99,0,0,1,0,13,25,44,1,2,15,56,3,1,40,0
Sannieshof,1206.28,16213,51,49,0,74,25,85,2,0,12,0,13,28,43,2,1,12,92,1,28,1,0
Bulwer,1190.92,56547,46,54,93,2,5,99,0,0,0,0,7,29,47,1,1,15,19,4,2,75,0
De deur,329.70,79799,51,49,0,97,3,79,6,7,7,1,5,18,60,2,2,12,77,5,43,1,0
Kareedouw,1786.72,9774,50,50,0,90,10,32,55,0,11,1,4,22,58,1,1,12,95,2,4,0,0
Makwassie,1878.75,17636,50,50,0,72,28,89,4,1,7,0,13,27,45,1,1,13,95,1,30,2,0
Bothasig,20.63,26681,48,52,0,100,0,7,11,1,79,2,1,9,61,15,8,7,87,11,3,0,0
Swartberg,1063.99,3299,49,51,0,0,100,75,20,0,5,0,6,35,45,2,1,11,50,10,4,39,0
Maokeng,59.56,73906,46,54,0,100,0,98,1,0,0,0,4,20,61,1,2,12,85,2,15,0,0
Olifantsfontein,243.32,40710,52,48,0,85,15,71,1,1,26,1,4,14,45,16,8,13,90,3,28,0,0
Durban north,55.15,39850,47,53,0,100,0,16,2,22,59,1,1,10,44,27,9,9,62,36,2,1,0
Tembisa,29.27,276367,54,46,0,100,0,98,0,0,0,1,3,13,67,2,4,11,59,3,52,0,0
Hebron,77.33,42052,51,49,99,1,0,99,0,0,0,0,4,16,62,2,3,12,81,1,117,0,0
Thohoyandou,1017.64,299410,46,54,79,21,0,99,0,1,0,0,8,19,52,4,3,13,92,1,2,5,0
Bellville south,18.57,29295,48,52,0,100,0,12,76,2,1,9,4,18,57,6,3,12,69,17,13,0,0
Pretoria central,48.57,53175,53,47,0,100,0,85,6,1,8,1,2,6,44,16,12,20,20,73,7,1,0
Dalasile,738.94,37048,46,54,100,0,0,100,0,0,0,0,11,34,37,1,1,15,17,7,5,72,0
Parkview,22.91,38408,47,53,0,100,0,27,2,9,59,2,2,9,33,38,5,12,78,15,7,0,0
Kaapmuiden,242.30,2906,59,41,19,0,81,76,1,1,20,2,29,31,21,2,1,17,74,12,8,10,0
Vredendal,782.22,25740,50,50,0,77,23,12,64,1,20,3,5,22,54,4,2,14,83,10,18,0,0
Fish hoek,61.08,20287,47,53,0,100,0,11,5,1,82,2,1,8,47,23,10,11,85,14,2,0,0
Algoapark,23.41,35483,49,51,0,100,0,41,31,1,26,1,3,16,65,2,2,12,53,43,48,1,0
Middelburg(ec),7768.64,21707,48,52,0,85,15,48,44,0,8,1,8,25,50,2,1,14,91,1,9,0,0
Gluckstadt,2187.26,20281,47,53,51,0,49,97,0,0,2,0,16,28,39,0,0,17,40,8,3,50,0
Durban central,16.20,49002,46,54,0,100,0,59,4,23,11,2,2,9,56,12,9,13,13,85,1,1,0
Ntabamhlophe,1045.27,45088,47,53,99,0,1,100,0,0,0,0,7,26,52,1,1,14,53,7,1,39,0
East london,312.03,73860,48,52,15,84,1,75,5,3,16,1,4,13,51,7,6,19,57,33,30,1,0
Dimbaza,273.37,44408,48,52,52,48,0,100,0,0,0,0,4,22,58,2,2,12,85,1,9,9,0
Ezinqoleni,584.43,59905,46,54,96,0,4,99,1,0,0,0,8,29,46,1,1,15,59,3,2,36,0
Elliotdale,736.37,55302,45,55,96,4,0,99,0,0,0,0,16,35,33,1,1,15,12,6,3,79,0
Maake,1278.28,161332,45,55,95,5,1,100,0,0,0,0,10,22,51,2,2,14,96,0,2,3,0
Kleinbulhoek,677.05,9953,49,51,100,0,0,99,0,0,0,0,5,27,54,1,1,12,74,4,1,22,0
Milnerton,41.35,86089,51,49,0,100,0,42,18,3,32,5,2,13,53,12,5,15,49,26,40,0,0
New hanover,443.08,17948,48,52,0,23,77,95,0,1,4,0,8,23,53,1,1,14,62,3,12,26,0
Henderson,621.08,841,51,49,0,0,100,92,0,0,8,0,10,29,40,2,1,18,51,1,1,46,0
Mhala,1280.39,134437,45,55,90,10,0,100,0,0,0,0,12,24,47,2,2,14,97,0,1,2,0
Embalenhle,111.59,119141,52,48,0,100,0,99,0,0,0,0,6,19,60,1,2,11,75,4,62,0,0
Mooinooi,373.63,42964,55,45,69,21,10,80,2,1,17,0,8,20,56,1,1,13,71,3,73,6,0
Bedfordview,34.12,38767,48,52,0,100,0,25,3,9,60,3,3,10,43,24,8,12,51,44,4,1,0
Hlababomvu,486.44,32223,47,53,100,0,0,100,0,0,0,0,19,35,30,0,0,15,3,2,2,93,0
Committees,521.84,367,52,48,6,0,94,80,9,0,11,0,7,24,55,3,1,9,78,3,5,15,0
Barkly west,885.76,22943,49,51,4,92,4,63,30,0,4,2,12,22,53,1,1,12,86,2,32,2,0
Hercules,150.18,47330,50,50,0,97,3,21,2,1,76,1,3,10,65,7,5,10,81,12,13,1,0
Louwsburg,1466.67,16122,47,53,16,55,29,97,0,0,2,0,17,30,35,1,1,17,51,3,1,46,0
Madadeni,138.03,157125,47,53,27,73,0,99,0,0,0,0,5,21,57,1,3,12,90,2,9,1,0
Dalton,465.99,17861,48,52,28,28,44,87,0,9,3,0,11,27,47,2,1,12,67,2,8,27,0
Madikwe,2595.13,62232,48,52,93,6,1,99,0,0,0,0,11,25,49,1,1,13,92,1,13,2,0
Secunda,205.25,39867,52,48,0,100,0,20,4,3,73,1,2,10,53,16,8,11,87,9,6,0,0
Tierpoort,2123.16,2334,56,44,0,0,100,77,7,0,15,0,9,22,43,4,2,21,94,2,5,2,0
Krugersdorp,350.73,126327,51,49,0,98,2,45,1,1,52,1,3,12,60,9,5,11,66,17,24,1,0
Tarlton,157.93,15110,52,48,0,60,40,74,1,0,24,1,10,20,56,2,1,11,83,3,136,1,0
Kwaggafontein,436.19,97643,47,53,100,0,0,99,0,0,0,0,12,22,51,1,3,11,92,1,5,4,0
Boshoek,5035.90,4896,61,39,0,0,100,80,4,0,15,0,30,25,30,1,1,14,85,0,34,7,0
Umbumbulu,426.21,47650,48,52,100,0,0,99,0,1,0,0,8,23,54,1,1,13,47,2,4,47,0
Tom burke,2093.87,11850,51,49,69,0,31,95,0,0,4,1,13,20,53,1,1,13,89,1,21,3,0
Nqamakwe,1727.64,67479,48,52,98,2,0,100,0,0,0,0,3,26,54,2,1,13,43,2,4,51,0
Zonkizizwe,64.08,80911,51,49,0,99,1,99,0,0,0,0,6,21,59,0,1,13,67,1,72,0,0
Dawn park,58.82,80306,53,47,0,100,0,87,8,2,2,1,4,16,60,4,3,12,84,1,35,0,0
Qumbu,665.06,43206,47,53,97,3,0,99,0,0,0,0,7,27,49,2,1,14,27,6,17,51,0
Paul roux,1204.79,8098,48,52,0,76,24,91,2,0,7,0,10,26,50,1,1,12,77,1,22,8,0
Creighton,392.03,14010,48,52,49,7,44,96,1,0,3,0,6,29,48,1,1,15,29,15,4,52,0
Indwe,725.27,9129,49,51,3,87,11,95,2,0,2,0,6,27,51,2,1,13,82,5,10,3,0
Ematimatolo,353.76,33307,43,57,99,0,1,100,0,0,0,0,15,25,44,1,1,15,37,3,2,58,0
Heidelberg (gp),729.55,25890,53,47,0,86,14,34,2,4,58,1,3,11,54,10,5,16,83,14,5,1,0
Perdekop,1344.17,8312,48,52,0,61,39,95,0,1,4,0,18,24,43,1,1,14,69,1,30,13,0
Selosesha,1233.58,66835,48,52,70,29,1,99,0,0,0,0,3,21,59,2,3,11,88,1,7,8,0
Wepener,1450.24,10444,46,54,0,91,9,93,3,1,3,0,4,29,52,1,1,12,84,4,14,0,0
Uitenhage,2229.76,41395,49,51,0,97,3,21,21,2,52,3,3,12,59,8,6,13,87,9,8,0,0
Ngangelizwe,92.74,57617,45,55,21,79,0,98,1,0,0,0,3,17,58,6,4,12,62,12,19,9,0
Kagisho,9.68,45725,48,52,0,100,0,93,6,0,0,0,5,19,60,2,2,12,90,3,36,0,0
Table view,100.80,73604,49,51,0,100,0,27,7,3,62,2,1,9,47,22,10,11,64,35,11,0,0
Laingsburg,10879.72,8090,50,50,0,64,36,10,71,0,18,1,8,21,51,2,3,14,80,16,4,1,0
Tsineng,3145.98,22075,47,53,100,0,0,99,1,0,0,0,11,33,41,1,1,14,55,0,4,42,0
Mahamba,585.78,8874,46,54,1,0,99,97,0,0,3,1,12,30,43,1,1,14,55,1,4,42,0
Cullinan,1632.46,42449,54,46,0,89,11,72,2,0,25,1,6,17,54,4,4,15,85,4,35,1,0
Kwanonqaba,1808.92,33736,50,50,0,94,6,58,30,0,10,1,3,19,61,2,2,12,85,2,29,1,0
Motherwell,55.72,97614,48,52,0,100,0,99,0,0,0,0,4,19,62,2,2,11,96,1,8,0,0
Despatch,54.72,32440,48,52,0,100,0,25,16,0,58,0,3,14,65,5,4,10,89,7,5,1,0
Tzaneen,855.61,68829,49,51,66,23,11,84,0,2,14,0,12,18,50,5,3,12,87,4,4,7,0
Levubu,516.81,53641,45,55,96,0,4,98,0,0,2,0,10,20,52,2,2,13,92,1,4,4,0
Sekgosese,341.46,46031,43,57,100,0,0,100,0,0,0,0,18,20,45,2,1,14,94,0,2,4,0
Noenieput,10159.56,779,57,43,0,0,100,5,77,1,18,0,12,20,53,3,2,10,95,2,4,2,0
Groot-drakenstein,209.64,17218,50,50,0,75,25,11,84,0,4,1,3,19,62,3,3,9,82,9,9,2,0
Christiana,2172.38,24037,51,49,0,90,10,78,5,0,16,0,11,23,49,2,1,13,89,3,22,0,0
Kroonstad,3500.49,29209,52,48,0,81,19,46,13,1,39,1,2,14,55,7,4,17,87,9,4,1,0
Sandton,93.20,106484,47,53,0,100,0,32,3,15,48,2,2,8,33,40,7,11,45,52,3,0,0
Mpophomeni,230.29,28964,46,54,3,95,2,96,0,0,3,0,4,20,61,2,2,11,96,0,1,3,0
Seven fountains,911.39,3331,51,49,0,0,100,55,4,1,39,1,8,20,51,4,2,15,80,2,41,13,0
Utrecht,2380.39,22741,51,49,0,38,62,90,2,0,7,0,8,30,44,2,1,15,61,5,4,30,0
Bhekithemba,73.15,136659,48,52,10,90,0,97,0,2,0,0,4,17,61,3,4,11,81,3,30,5,0
Clocolan,1376.84,20218,46,54,0,87,13,94,0,0,5,0,8,24,53,2,1,13,87,1,25,2,0
Mcgregor,641.40,5786,49,51,0,100,0,7,71,1,20,0,5,26,50,3,4,13,97,1,2,0,0
Rankin's pass,1230.76,2680,53,47,58,0,42,90,1,0,9,0,15,26,42,2,1,14,91,2,13,1,0
Rietfontein,6288.19,5305,50,50,0,84,16,4,94,1,1,0,5,26,52,1,2,14,95,1,5,2,0
Dorset,3031.83,2380,56,44,0,0,100,86,0,0,12,1,13,20,48,4,1,13,90,1,7,5,0
Piketberg,1228.42,23735,48,52,0,98,2,11,72,1,16,1,5,23,51,3,2,16,83,11,8,1,0
Bethal,1441.55,17020,53,47,0,73,27,42,1,2,55,1,6,13,54,7,4,17,84,7,10,3,0
Tweefontein,133.67,61485,47,53,34,66,0,99,0,0,0,0,12,22,53,1,1,11,91,0,8,4,0
Britstown,8790.79,6224,50,50,0,83,17,23,69,0,7,0,9,26,50,2,1,12,91,3,5,3,0
Theunissen,2381.97,30360,54,46,0,79,21,94,1,0,5,0,5,21,47,1,1,25,92,2,26,1,0
Tweespruit,808.99,8183,48,52,0,82,18,83,12,0,4,0,4,23,58,1,1,12,87,1,16,6,0
Odendaalsrus,1042.56,67512,50,50,0,98,2,93,0,0,7,0,4,19,60,2,2,13,85,2,31,0,0
Dennilton,490.43,102248,46,54,100,0,0,99,0,0,0,0,13,23,48,1,1,14,92,1,6,3,0
Boithuso,368.40,99830,47,53,0,100,0,99,0,0,0,0,5,23,57,1,1,13,94,0,23,1,0
Rossouw,818.23,737,51,49,0,38,62,92,0,0,8,0,9,30,44,3,1,13,83,12,9,5,0
Westville,40.93,31137,50,50,0,100,0,26,3,25,46,1,1,10,45,27,8,8,84,14,7,1,0
Malamulele,1002.05,134305,44,56,92,8,0,100,0,0,0,0,13,23,46,2,2,14,76,1,2,22,0
Kwazakele,19.78,107458,47,53,0,100,0,99,0,0,0,0,3,17,66,1,2,10,82,11,13,0,0
Nondweni,140.07,17388,46,54,66,34,0,100,0,0,0,0,10,29,47,0,1,14,82,5,0,13,0
Kuruman,6620.20,17351,51,49,47,45,8,62,10,1,26,1,9,21,47,5,3,15,79,5,23,1,0
Tsakane,67.65,210375,50,50,0,100,0,96,3,0,0,0,4,17,63,1,2,12,91,1,21,0,0
Mbekweni,13.18,40202,49,51,0,99,1,80,18,0,0,1,3,18,64,1,2,12,76,3,40,0,0
Piet retief,3375.59,100638,48,52,0,65,35,91,1,2,7,0,10,24,48,2,2,14,61,4,6,31,0
Lehurutshe,893.36,62103,47,53,89,11,0,99,0,0,0,0,13,26,45,1,1,14,86,1,21,5,0
Bellville,43.79,65990,48,52,0,100,0,14,15,2,66,3,2,7,48,23,9,11,68,30,2,0,0
Isipingo,27.75,46526,49,51,0,100,0,52,2,45,0,1,3,15,64,4,4,10,66,21,56,2,0
Bultfontein,4204.19,27814,47,53,0,84,16,92,0,0,6,0,9,25,51,1,1,13,92,2,23,1,0
Actonville,11.62,52831,51,49,0,100,0,79,4,16,0,1,4,15,65,2,3,11,78,7,41,0,0
Thembalethu,24.95,43892,50,50,0,100,0,92,6,0,1,1,4,20,61,1,1,13,77,2,46,1,0
Tshidilamolomo,630.49,14066,47,53,100,0,0,99,1,0,0,0,18,34,32,1,1,15,78,0,10,15,0
Inanda,320.44,325565,48,52,20,79,1,99,0,0,0,0,5,20,60,1,1,13,77,3,31,11,0
Madibogo,564.99,35828,47,53,100,0,0,99,1,0,0,0,16,30,39,1,1,14,94,1,6,1,0
Marble hall,1525.59,76219,48,52,82,4,14,97,0,0,3,0,13,22,49,1,1,14,94,1,6,2,0
Cornelia,1535.93,5260,49,51,0,67,33,93,1,1,5,0,9,29,48,1,1,11,86,1,26,8,0
Kwandengezi,119.00,67527,48,52,52,47,0,98,1,1,0,0,6,22,56,1,2,12,77,3,6,17,0
Seafield,576.56,1539,50,50,0,19,81,64,1,0,35,0,7,23,47,10,3,9,82,3,14,13,0
Gugulethu,11.26,124020,49,51,0,100,0,98,1,0,0,1,2,16,66,2,2,12,70,13,72,1,0
Sebayeng,235.39,44732,46,54,79,21,0,100,0,0,0,0,7,21,55,2,2,14,94,0,7,1,0
Lansdowne,16.57,48487,48,52,0,100,0,8,66,13,6,8,2,11,58,14,6,9,87,11,3,0,0
Suurbraak,230.48,2945,49,51,0,84,16,6,87,0,7,0,4,24,59,2,1,10,91,2,7,1,0
Koffiefontein,2709.71,11825,49,51,0,95,5,68,26,0,5,1,9,22,54,2,1,12,92,3,18,0,0
Melkbosstrand,120.79,12383,49,51,0,96,4,9,14,1,75,1,2,12,43,24,8,10,82,15,3,1,0
Nkandla,1148.82,64344,45,55,94,6,0,99,0,0,0,0,12,26,44,1,2,15,28,6,3,63,0
Klipgat,228.16,77706,50,50,56,44,0,99,0,0,0,0,6,18,58,1,2,14,91,1,31,0,0
Malipsdrift,969.56,20284,44,56,99,0,1,100,0,0,0,0,11,22,50,1,1,14,93,1,2,5,0
Alexander bay,6713.95,4864,55,45,0,99,1,11,80,0,7,1,2,19,63,1,3,12,67,12,16,7,0
Ohrigstad,1073.42,2865,58,42,21,11,68,78,0,0,21,1,15,17,54,4,2,9,74,0,25,15,0
Aliwal north,1614.79,18526,47,53,0,93,7,70,16,0,12,1,7,23,48,5,3,15,86,9,17,0,0
Ngome,953.54,16316,46,54,52,0,48,98,0,0,1,0,13,27,38,1,0,20,31,9,1,60,0
Ndwedwe,827.43,112986,47,53,100,0,0,99,0,0,0,0,10,25,50,1,1,14,38,3,2,58,0
Woodstock,13.66,27551,49,51,0,100,0,33,39,4,19,5,1,8,46,17,6,21,45,53,2,0,0
Richmond(c),9933.43,6736,51,49,0,72,28,27,65,1,7,1,10,26,49,2,1,12,96,0,9,0,0
Lyttelton,187.37,109190,47,53,0,100,0,27,3,4,66,1,2,9,38,30,10,11,54,44,3,0,0
Emzinoni,315.32,48975,49,51,0,99,1,98,1,0,1,0,9,21,58,1,1,11,89,1,39,1,0
Prieska,10105.33,15942,49,51,0,88,12,25,64,1,10,0,8,25,53,2,1,12,73,20,14,0,0
Kanana,50.30,78490,49,51,0,100,0,99,1,0,0,0,6,23,56,1,1,12,91,2,33,0,0
Aggeneys,4510.24,2384,58,42,0,95,5,22,61,1,15,0,1,15,59,3,5,16,97,0,2,1,0
Orange farms,328.65,210174,49,51,0,99,1,99,0,0,0,0,4,18,63,1,1,12,84,1,30,0,0
Ermelo,2510.00,93462,50,50,0,90,10,82,1,2,15,0,7,17,56,3,3,13,81,6,21,6,0
Modimolle,1736.91,45808,50,50,0,91,9,84,0,1,14,0,7,21,53,4,2,13,91,3,15,0,0
Brooklyn,55.41,69107,47,53,0,100,0,27,2,3,66,2,2,7,38,36,6,11,64,32,3,1,0
Amanzimtoti,139.80,60044,48,52,24,73,3,54,1,6,39,0,3,14,58,8,5,12,69,21,6,8,0
Brandfort,2257.25,13854,49,51,0,92,8,85,1,0,13,0,6,21,56,2,1,14,89,2,18,0,0
Kempton park,122.05,73364,50,50,0,100,0,39,2,3,55,1,2,9,54,14,9,11,61,33,8,1,0
Hermanus,328.57,47845,49,51,0,100,0,33,32,0,33,2,3,15,59,8,3,12,80,6,18,2,0
Sekhukhune,880.35,120641,46,54,97,3,0,100,0,0,0,0,13,21,50,1,1,14,88,1,9,6,0
Jamestown,1371.44,5609,47,53,0,83,17,92,2,0,5,1,12,29,43,2,1,14,98,1,0,1,0
Roodepan,52.64,36166,49,51,0,100,0,17,79,2,0,2,5,20,59,2,2,12,82,15,44,0,0
Jeppe,16.53,63721,58,42,0,100,0,64,10,9,15,2,4,13,54,7,5,16,52,34,20,1,0
Boksburg,60.67,63183,53,47,0,100,0,41,5,2,51,1,2,10,61,10,5,11,64,19,57,0,0
Kwamsane,950.47,128606,46,54,99,1,0,99,0,0,0,0,11,25,47,1,1,15,68,11,5,17,0
Magatle,522.95,63884,45,55,100,0,0,100,0,0,0,0,13,24,46,1,1,14,95,0,3,3,0
Boksburg north,56.61,61416,50,50,0,100,0,22,3,6,69,1,2,9,59,12,8,10,61,35,5,0,0
Gilead,1663.21,53671,45,55,92,8,0,100,0,0,0,0,11,26,47,1,1,14,95,0,6,1,0
Saron,212.97,10032,48,52,0,93,7,5,92,0,2,1,5,23,58,1,2,11,93,2,6,0,0
Umlazi,43.49,294451,50,50,0,100,0,99,0,0,0,0,3,16,64,2,4,11,81,5,54,1,0
Riversdale,2572.99,20243,48,52,0,83,17,8,74,0,17,0,4,20,58,3,3,12,92,3,6,0,0
Putfontein,111.40,43121,52,48,0,98,2,97,0,0,2,0,7,19,60,1,1,12,83,4,65,0,0
Mooi river,1875.59,29261,49,51,0,87,13,87,1,3,8,1,9,23,49,2,2,15,83,2,4,12,0
Pretoria moot,14.63,30542,47,53,0,100,0,23,2,1,73,2,2,8,52,19,9,11,61,35,4,0,0
Intsikeni,930.92,47935,45,55,73,0,27,100,0,0,0,0,4,33,47,1,1,16,19,5,4,73,0
Schoemansdal,352.89,90758,47,53,100,0,0,99,0,0,0,0,13,22,50,2,1,13,92,1,2,6,0
Machadodorp,1104.63,10194,52,48,0,88,12,90,1,1,8,0,8,17,59,2,3,11,84,3,25,4,0
Vredenburg,664.86,41201,50,50,0,98,2,28,56,1,14,1,3,16,65,2,2,12,87,2,27,0,0
Bathurst,657.66,8306,47,53,0,77,23,89,1,0,10,0,8,26,50,3,2,11,93,1,1,5,0
Williston,14547.38,4324,49,51,0,78,22,5,81,1,13,0,8,23,49,2,2,15,87,12,1,0,0
Apel,1021.16,73865,45,55,100,0,0,99,0,0,0,0,14,22,48,2,1,13,95,1,4,2,0
Katlehong,24.36,155941,50,50,0,100,0,99,0,0,0,0,3,16,64,2,4,11,77,5,23,0,0
Kimberley,1703.02,71652,49,51,0,97,3,27,35,3,27,8,6,15,51,8,5,14,84,10,8,1,0
Wasbank,503.66,4886,48,52,48,32,20,94,1,3,2,0,8,29,47,1,2,14,66,2,3,29,0
Buffelshoek,880.57,2795,59,41,0,0,100,61,5,0,33,0,10,20,54,4,2,10,90,1,11,2,0
Van stadensrus,729.30,2440,49,51,0,71,29,94,1,0,4,0,5,33,47,2,1,11,96,0,23,0,0
Ennerdale,90.63,104809,50,50,0,99,1,72,27,1,0,1,3,17,64,2,2,12,75,2,78,0,0
Amalia,1924.19,7709,50,50,0,71,29,88,6,1,6,0,15,28,42,1,1,13,91,1,9,5,0
Hamburg,81.51,1918,48,52,29,69,2,97,0,0,3,0,6,23,56,2,2,12,79,1,19,12,0
Mphephu,626.37,75743,45,55,94,6,0,100,0,0,0,0,11,21,50,2,2,14,96,0,2,3,0
Lydenburg,2557.59,48995,51,49,0,90,10,75,3,1,21,0,6,16,57,3,3,14,73,4,24,4,0
Bolo,1147.83,5569,49,51,53,13,34,96,0,0,4,0,11,28,47,1,1,13,48,5,3,45,0
Clarens,816.00,8784,47,53,0,73,27,90,1,0,8,0,6,23,50,3,1,17,68,1,26,13,0
Boitekong,196.27,147008,55,45,18,82,0,99,0,0,0,0,5,17,62,1,2,13,69,2,55,1,0
Postmasburg,4464.37,32955,52,48,0,96,4,53,38,1,8,1,9,19,57,2,1,12,89,3,38,1,0
Manenberg,13.88,85283,48,52,0,100,0,11,81,2,0,5,3,21,59,2,2,14,55,34,13,0,0
Sandringham,28.16,43535,48,52,0,100,0,50,2,5,41,1,2,12,44,19,8,15,64,24,13,0,0
Bulgerivier,2459.39,1416,60,40,0,0,100,80,0,0,19,0,11,15,52,4,4,14,88,3,8,6,0
Delft,25.75,153759,49,51,0,100,0,49,49,0,0,2,3,18,65,1,1,13,84,6,20,0,0
Robertson,1227.46,35713,49,51,0,100,0,17,61,0,21,1,5,23,53,3,2,15,81,7,14,0,0
Dube,119.93,23812,49,51,61,39,0,99,0,0,0,0,8,21,57,1,1,13,94,0,12,1,0
Donnybrook,635.31,28547,47,53,82,4,14,99,0,0,1,0,9,29,45,1,1,14,24,5,4,68,0
Emanguzi,2994.24,95169,45,55,100,0,0,99,0,0,0,0,16,27,41,1,1,14,58,3,1,39,0
Noupoort,2021.03,8266,47,53,0,95,5,52,43,0,5,0,7,25,53,2,1,12,80,16,4,0,0
Thabazimbi,2838.65,44114,56,44,0,83,17,80,1,0,19,0,8,17,59,2,3,12,73,5,37,2,0
Maydon wharf,22.71,900,58,42,0,100,0,68,5,17,9,1,2,8,39,13,7,30,21,73,6,2,0
Middledrift,387.86,18889,51,49,94,6,0,99,0,0,0,0,3,23,54,1,2,16,61,1,2,36,0
Springfontein,1622.67,4244,50,50,0,87,13,71,23,0,6,0,10,22,52,2,2,12,96,0,6,0,0
Stanford,670.18,6084,51,49,0,82,18,26,56,0,17,1,3,21,59,4,2,11,94,1,10,1,0
Strydenburg,4590.08,3429,51,49,0,87,13,10,82,0,7,0,11,28,44,1,1,15,99,0,18,0,0
Tongaat,141.29,71217,49,51,0,98,2,50,1,46,2,1,5,15,64,4,3,9,70,18,43,1,0
Crystalpark,83.57,37162,51,49,0,100,0,72,1,1,25,1,5,16,55,7,5,12,91,4,5,0,0
Bergville,2162.24,54820,46,54,15,6,79,94,1,1,4,0,10,26,46,1,1,16,28,6,4,63,0
Tseki,211.69,65178,46,54,100,0,0,100,0,0,0,0,7,26,53,1,1,12,79,1,7,17,0
Gordons bay,81.99,16572,49,51,0,98,2,10,19,1,67,2,1,8,56,15,8,11,66,33,2,0,0
Camperdown,486.91,20560,50,50,22,18,60,80,1,4,14,0,8,19,54,3,3,12,76,3,10,19,0
Palmietfontein,557.51,34490,46,54,100,0,0,100,0,0,0,0,9,30,47,1,1,12,69,3,3,27,0
Boons,569.66,6532,56,44,30,48,23,71,1,0,26,1,18,34,26,2,1,19,93,1,21,2,0
Zamuxolo,471.50,11643,48,52,99,0,1,100,0,0,0,0,8,36,44,0,0,11,4,1,1,93,0
Tonga,917.18,236740,46,54,95,5,0,100,0,0,0,0,15,22,46,2,2,13,94,1,2,3,0
Tweeling,1128.66,7415,46,54,0,87,13,92,2,0,6,0,10,27,45,1,2,15,88,0,16,3,0
Sebenza,62.33,30688,49,51,0,100,0,35,4,9,51,1,2,9,46,20,11,12,63,34,3,0,0
Memel,2175.90,8809,48,52,0,81,19,92,0,0,7,0,8,29,47,2,1,13,80,1,24,13,0
Khutsong,86.34,62929,48,52,0,100,0,99,0,0,0,0,6,21,60,1,1,12,80,1,76,0,0
Sunnyside,24.10,82835,49,51,0,100,0,78,2,2,17,1,1,5,41,24,12,17,15,82,2,1,0
Kwaaiman,635.20,54505,45,55,100,0,0,100,0,0,0,0,16,36,33,1,0,14,5,2,4,89,0
Kleinsee,2677.53,832,59,41,0,88,12,17,61,1,20,1,1,8,53,4,11,23,70,25,8,1,0
Douglas,3032.09,22490,50,50,0,88,12,34,56,1,8,1,10,24,50,2,1,13,93,2,39,1,0
Tina falls,446.52,20110,45,55,100,0,0,100,0,0,0,0,10,32,42,1,1,14,13,2,1,85,0
Joubertina,1807.52,20349,50,50,0,100,0,25,64,0,9,2,6,30,49,1,1,13,92,1,10,0,0
Diepkloof,20.46,102990,50,50,0,100,0,98,1,0,0,1,3,14,65,4,4,10,74,10,27,0,0
Ntabethemba,426.52,10647,47,53,98,0,2,99,0,0,0,0,10,30,46,1,1,12,81,1,2,17,0
Cathcart,1513.52,9446,48,52,0,89,11,93,2,0,5,0,7,23,50,2,2,16,90,2,8,8,0
Hattingspruit,281.71,8757,49,51,78,15,7,97,0,0,3,0,5,26,53,1,1,14,61,11,3,26,0
Goedemoed,1101.61,974,54,46,0,62,38,67,8,0,25,0,7,18,58,5,2,10,92,7,6,0,0
Modjadjiskloof,1168.36,34660,50,50,70,17,13,92,0,0,7,1,16,19,50,2,1,12,88,2,15,4,0
Witrivier,651.05,29524,51,49,17,76,7,54,3,2,41,1,6,15,49,12,5,13,82,10,22,2,0
Ezibeleni,44.54,30110,46,54,0,100,0,99,0,0,0,0,3,21,55,4,5,12,95,2,4,0,0
Peddie,1074.73,24087,47,53,79,19,1,99,0,0,0,0,9,24,51,1,1,12,76,3,6,18,0
Wembezi,246.96,32197,46,54,11,88,1,99,0,0,0,0,8,22,55,1,2,13,77,2,3,19,0
Wolwefontein,2220.40,1322,51,49,0,0,100,28,56,0,14,2,10,25,51,3,0,11,95,1,6,1,0
Ottosdal,1785.30,29592,51,49,0,67,33,91,2,0,7,0,17,28,40,1,1,13,93,1,19,1,0
Jouberton,545.06,113585,49,51,0,100,0,98,1,0,0,0,7,22,57,1,1,12,86,1,30,0,0
Nebo,928.87,91954,44,56,100,0,0,100,0,0,0,0,11,23,48,2,2,15,92,0,6,4,0
Delmas,1153.00,59196,51,49,0,95,5,89,1,0,9,0,9,20,56,2,2,12,89,2,21,2,0
Floukraal,1066.68,472,56,44,0,0,100,72,8,0,19,0,12,23,47,3,2,13,80,6,16,9,0
Coffee bay,181.54,18179,44,56,98,2,0,99,0,0,1,0,20,33,32,0,1,14,8,2,6,84,0
Bishop lavis,19.67,106051,48,52,0,100,0,12,85,1,0,2,2,18,66,1,1,11,38,44,23,0,0
Moorreesburg,1576.53,23324,48,52,0,76,24,7,68,0,24,0,6,22,55,4,2,11,89,8,5,0,0
Rosebank,7.34,8308,46,54,0,100,0,31,3,7,57,2,2,11,34,39,5,8,66,25,9,0,0
Edenvale,27.97,52509,47,53,0,100,0,20,3,9,67,2,2,10,50,22,9,8,64,33,3,0,0
Garies,10267.88,2699,51,49,0,87,13,7,76,1,16,1,3,16,58,2,3,18,88,8,3,1,0
Loxton,5269.20,1690,50,50,0,62,38,3,82,0,13,1,17,25,39,3,1,15,87,3,4,8,0
Kliptown,23.90,102491,49,51,0,100,0,78,20,0,0,1,3,14,65,3,4,11,65,11,41,0,0
Hlobane,727.76,30055,47,53,0,60,40,98,0,0,1,0,14,27,39,1,1,18,55,5,6,35,0
Fauresmith,2595.34,4621,54,46,0,88,12,65,25,1,9,0,12,23,47,2,1,15,95,1,19,0,0
Chungwa,619.01,18790,47,53,100,0,0,100,0,0,0,0,6,30,49,1,1,13,68,1,3,30,0
Philippolis,3464.39,4558,48,52,0,74,26,60,30,0,9,1,12,24,48,2,2,12,96,0,4,0,0
Morebeng,1017.37,12273,48,52,46,41,13,98,0,0,2,0,11,21,51,2,2,13,94,0,2,4,0
Ratanda,169.04,51670,50,50,0,98,2,98,1,0,1,0,6,20,58,1,2,12,86,2,18,0,0
Hoopdal,2743.61,2224,54,46,0,0,100,87,1,0,12,0,10,20,48,3,2,18,80,1,30,6,0
Belfast,1622.94,20892,50,50,0,97,3,83,2,1,15,0,9,17,54,2,3,14,87,2,7,5,0
Jagersfontein,1597.48,6296,48,52,0,91,9,78,14,0,7,0,9,23,53,2,1,12,95,3,4,0,0
Silverton,68.11,102186,49,51,0,100,0,60,5,1,32,2,3,11,55,14,6,11,62,29,10,0,0
Wynberg,41.52,25218,47,53,0,100,0,19,32,4,41,5,1,9,45,26,7,12,46,52,2,0,0
Swartkops,617.62,27936,50,50,0,98,2,75,8,0,16,0,3,16,60,5,3,13,91,5,4,0,0
Afsondering,677.24,21315,45,55,100,0,0,100,0,0,0,0,6,37,42,1,0,14,12,4,3,81,0
Ixopo,1082.49,44434,47,53,63,28,9,95,2,1,2,0,8,26,48,2,2,14,35,4,20,51,0
Brackendowns,52.39,55585,48,52,0,100,0,32,4,7,57,1,1,11,55,17,7,9,75,20,6,0,0
Tylden,949.95,1927,53,47,40,0,60,89,2,0,9,0,11,28,46,2,1,12,65,3,18,26,0
Melmoth,2202.43,82888,46,54,80,16,5,98,0,0,1,0,13,28,43,1,1,15,40,5,3,52,0
Khuma,56.68,46468,49,51,0,100,0,99,1,0,0,0,6,23,56,1,1,13,83,2,25,0,0
Fort beaufort,1023.95,26818,47,53,3,95,2,83,13,0,3,0,6,21,54,3,3,13,86,2,6,6,0
Ceres,9920.64,42110,50,50,0,91,9,30,59,0,9,1,4,21,56,3,3,13,86,5,21,1,0
Van reenen,398.64,3278,49,51,0,0,100,98,0,0,1,0,8,29,49,1,1,13,25,4,27,45,0
Punzana,499.29,15999,47,53,100,0,0,100,0,0,0,0,10,25,51,1,1,13,46,2,15,46,0
Low's creek,530.96,6770,55,45,12,0,88,96,1,0,4,0,18,27,38,1,1,15,64,2,24,29,0
Middelpos,8081.74,1163,52,48,0,0,100,6,77,0,16,0,14,26,42,4,3,11,98,0,1,2,0
Phokeng,1090.56,122959,58,42,75,25,1,97,0,0,1,1,5,17,64,1,2,11,68,1,43,0,0
Hopetown,6312.44,12405,51,49,0,85,15,19,64,1,16,0,10,25,50,3,1,12,94,2,31,0,0
Wolseley,437.76,16659,49,51,0,75,25,16,71,0,11,2,5,25,54,2,2,13,88,9,11,1,0
Nsuze,469.43,56542,46,54,100,0,0,99,0,0,0,1,14,26,44,1,1,15,44,7,1,49,0
Sulenkama,766.95,29055,47,53,100,0,0,100,0,0,0,0,6,28,51,1,1,13,21,3,6,70,0
Citrusdal,1975.30,19355,51,49,0,88,12,34,40,1,25,1,9,20,43,2,1,24,75,16,21,1,0
Middelburg mpumalang,3425.61,99807,51,49,0,88,12,42,4,4,49,0,5,14,55,8,5,13,74,14,12,3,0
Elands height,562.17,500,62,38,21,0,79,94,2,0,5,0,26,30,21,1,1,23,28,4,21,59,0
Griekwastad,7065.37,7397,50,50,0,87,13,31,60,1,6,2,12,24,46,2,1,15,77,19,16,0,0
Kwandengane,414.55,30197,46,54,100,0,0,100,0,0,0,0,13,36,34,1,0,16,6,2,2,90,0
Heilbron,3106.70,30952,47,53,0,89,11,87,5,0,7,0,8,24,51,2,2,13,86,1,26,1,0
Cleveland,29.25,43025,54,46,0,100,0,47,7,12,31,3,4,13,52,13,6,12,72,14,22,1,0
Sydenham,31.75,74224,49,51,0,100,0,35,14,49,1,1,3,12,61,9,5,10,68,25,53,0,0
Lomanyaneng,478.25,53387,48,52,100,0,0,99,0,0,0,0,9,23,52,1,1,13,87,0,20,5,0
Umsunduzi,247.07,42419,47,53,100,0,0,99,0,0,0,0,11,24,52,1,1,11,32,2,1,65,0
Hluhluwe,1588.66,66284,46,54,87,10,3,96,0,0,3,0,14,26,43,1,1,15,67,7,2,24,0
Bramley,29.25,46395,50,50,0,100,0,50,2,11,34,2,4,11,44,25,5,11,52,37,20,1,0
Potchefstroom,1993.45,51891,50,50,0,82,18,33,3,1,62,0,4,11,51,19,5,11,67,28,6,0,0
Elandslaagte,1543.45,23551,48,52,18,0,82,98,0,0,1,0,6,27,50,1,1,15,35,3,4,58,0
Langebaan,596.59,8183,49,51,0,97,3,7,34,0,57,1,2,12,62,10,5,9,95,3,1,1,0
Tolwe,3419.78,2992,57,43,0,10,90,88,0,0,10,1,17,17,57,1,1,7,82,1,17,6,0
Virginia,703.06,26443,51,49,0,97,3,68,2,1,29,0,4,15,55,5,3,17,88,5,15,0,0
Jabulani,12.91,110806,50,50,0,100,0,99,0,0,0,1,3,15,66,2,3,11,72,5,24,0,0
Keiskammahoek,787.24,28438,48,52,89,11,0,99,1,0,0,0,3,25,56,1,1,13,48,1,2,50,0
Witpoort,1099.83,26800,47,53,91,8,1,99,0,0,0,0,8,25,49,1,2,15,93,1,5,2,0
Koster,2950.08,31028,52,48,0,80,20,84,1,1,14,0,11,23,50,2,1,14,90,2,48,1,0
Daveyton,18.71,117535,51,49,0,100,0,97,1,1,0,2,5,16,62,2,3,11,74,1,39,0,0
Sun city,1386.24,69055,49,51,85,14,0,97,1,1,2,0,6,20,57,1,2,14,81,3,24,2,0
Katkop,679.53,17241,48,52,100,0,0,100,0,0,0,0,12,31,43,1,1,13,14,3,8,77,0
Amsterdam,1235.82,26149,48,52,14,35,52,95,0,0,3,0,11,25,48,1,1,13,77,1,3,20,0
Booysens,40.71,80499,49,51,0,100,0,48,14,17,18,3,2,13,55,10,8,13,56,28,16,0,0
Besters,823.36,28217,48,52,86,0,14,97,0,2,1,0,6,24,54,1,1,14,51,6,1,42,0
Evatt,823.94,1525,53,47,3,0,97,89,6,1,5,0,8,28,36,1,1,25,55,4,3,39,0
Kuilsrivier,56.77,71953,49,51,0,100,0,20,57,1,20,2,2,12,54,12,7,13,81,12,9,0,0
Amersfoort,2407.60,36169,47,53,44,39,17,96,0,1,2,0,13,25,46,1,1,14,69,3,6,24,0
Bredasdorp,3927.92,22621,49,51,0,80,20,12,68,0,18,1,4,20,59,5,3,10,89,5,21,1,0
Weenen,1118.37,30528,44,56,44,47,10,96,1,1,2,0,21,28,35,0,0,15,21,3,1,75,0
Patensie,1392.41,8580,50,50,0,91,9,40,48,0,10,2,8,31,42,2,1,16,92,2,40,1,0
Ida,503.18,1738,58,42,0,0,100,94,0,0,6,0,7,30,51,1,1,11,75,1,7,20,0
Hogsback,597.05,1731,51,49,0,70,30,76,1,0,22,1,4,18,47,7,1,22,78,2,9,17,0
Wartburg,322.72,7498,48,52,35,14,50,84,0,2,13,1,9,24,49,3,2,13,62,5,2,32,0
Nigel,489.65,32410,51,49,0,91,9,42,19,5,33,1,6,15,60,4,4,11,89,5,25,0,0
Katlehong north,18.22,118434,52,48,0,100,0,97,1,0,0,2,3,17,62,1,3,13,61,2,42,0,0
Makwane,230.50,42619,45,55,55,45,0,100,0,0,0,0,6,24,56,1,1,13,86,1,17,9,0
Edenville,1422.53,7727,49,51,0,82,18,91,1,0,7,0,7,27,51,1,1,12,87,0,17,1,0
Dealesville,2662.62,6714,50,50,0,81,19,87,1,1,10,0,14,24,46,2,1,14,93,4,15,0,0
Kabega park,712.39,72277,49,51,0,88,12,28,15,3,53,1,2,14,57,11,6,9,77,20,10,0,0
Elsies river,19.01,69691,48,52,0,100,0,8,84,1,6,2,2,17,67,2,1,11,61,30,10,0,0
Walmer,148.08,71793,48,52,0,100,0,43,5,1,50,1,2,13,54,14,5,11,74,19,21,1,0
Dirkiesdorp,1454.77,40058,47,53,76,8,16,99,0,0,0,0,13,27,45,1,1,14,60,1,3,37,0
Oranjeville,957.47,6181,51,49,0,86,14,89,0,0,10,0,8,24,54,1,1,12,89,1,15,0,0
Alberton,62.84,90144,49,51,0,100,0,51,2,3,44,1,2,11,59,10,7,11,72,21,8,0,0
Paterson,1478.24,6467,50,50,0,87,13,75,19,0,4,1,7,25,53,1,1,12,95,0,12,1,0
Malmesbury,1564.41,58356,50,50,0,95,5,23,55,1,20,1,5,21,54,4,2,14,78,8,14,0,0
Ingwavuma,1351.84,75935,46,54,98,2,0,99,0,0,0,0,13,27,42,1,1,16,64,10,2,25,0
Maleboho,1940.93,57255,45,55,99,0,1,100,0,0,0,0,16,25,43,1,1,14,95,0,3,2,0
Dientjie,638.26,16184,46,54,97,0,3,99,0,0,1,0,8,22,53,2,2,13,87,0,6,9,0
Graaff-reinet,9549.26,41545,49,51,0,87,13,31,56,0,11,0,5,21,52,3,2,17,77,17,7,0,0
Pinelands,17.71,20663,47,53,0,100,0,18,25,5,49,4,1,8,39,29,8,14,64,35,1,0,0
Olifantshoek,10288.24,11353,50,50,0,90,10,42,47,1,8,3,13,22,50,1,1,13,91,2,17,1,0
Molteno,2640.71,13332,49,51,0,87,13,88,5,0,6,1,10,26,46,2,2,13,95,2,4,1,0
Maluti,1219.97,93741,46,54,92,8,0,100,0,0,0,0,5,29,50,2,1,13,37,9,16,39,0
Grassy park,41.25,88628,48,52,0,100,0,8,82,4,1,5,2,15,65,4,4,10,80,15,8,0,0
Sharpeville,22.91,64979,49,51,0,100,0,99,0,0,0,0,4,16,65,2,3,10,80,0,26,0,0
Waterval,269.00,86176,46,54,94,6,0,100,0,0,0,0,11,21,50,3,2,13,89,1,5,7,0
Graafwater,1609.37,4940,50,50,0,86,14,10,68,0,22,0,7,26,51,2,1,12,88,6,5,1,0
Bloemhof,2325.06,30084,49,51,0,92,8,82,10,1,8,0,12,26,45,1,1,14,85,5,27,1,0
