Police_Station	LongitudeY	LatitudeX
ABERDEEN	-32.47634	24.06098
ACORNHOEK	-24.5971	31.04835
ACTONVILLE	-26.21198	28.29975
ADDO	-33.54769	25.69029
ADELAIDE	-32.70725	26.29255
AFSONDERING	-30.16502	28.96145
AGGENEYS	-29.24206	18.84713
AKASIA	-25.62571	28.09538
ALBERTINIA	-34.2086	21.58325
ALBERTON	-26.26088	28.12692
ALEXANDER BAY	-28.60706	16.49218
ALEXANDRA	-26.10548	28.10089
ALEXANDRA ROAD	-29.61901	30.38773
ALEXANDRIA	-33.65057	26.412
ALGOAPARK	-33.90246	25.57071
ALICE	-32.79033	26.83583
ALICEDALE	-33.31668	26.08514
ALIWAL NORTH	-30.68748	26.71103
ALLANRIDGE	-27.75013	26.64818
ALLDAYS	-22.68226	29.10417
AMALIA	-27.24996	25.05068
AMANGWE	-28.94127	29.61758
AMANZIMTOTI	-30.05182	30.88011
AMERSFOORT	-27.00869	29.87218
AMSTERDAM	-26.62306	30.66041
APEL	-24.42233	29.78591
ARLINGTON	-28.02889	27.85058
ASHTON	-33.83361	20.06699
ASSEN	-25.16766	27.60201
ATAMELANG	-26.50534	25.37052
ATHLONE	-33.96157	18.50724
ATLANTIS	-33.56479	18.49318
ATTERIDGEVILLE	-25.77462	28.07173
AUGRABIES	-28.66908	20.4225
AVONDALE	-30.29751	28.40448
BABANANGO	-28.37593	31.08263
BADPLAAS	-25.95836	30.56857
BAINSVLEI	-29.06613	26.12837
BALFOUR	-32.53628	26.67652
BALFOUR TVL	-26.66282	28.58695
BARBERTON	-25.79074	31.05178
BARKLY EAST	-30.96913	27.59774
BARKLY WEST	-28.53715	24.52533
BARRYDALE	-33.90276	20.72117
Bathlaros	-27.30544	23.34164
BATHO	-29.13468	26.22531
BATHURST	-33.50484	26.83917
BAVIAANSKLOOF	-33.53938	23.98058
BAYSWATER	-29.08896	26.23033
BAYVIEW	-29.92278	30.9117
BEACON BAY	-32.96884	27.93836
BEAUFORT WEST	-32.34946	22.58486
BEDFORD	-32.68363	26.08275
BEDFORDVIEW	-26.1796	28.13719
BEDWANG	-25.087	27.96893
BEKKERSDAL	-26.287108	27.6987305
BELA-BELA	-24.87751	28.29453
BELFAST	-25.70144	30.04588
BELHAR	-33.94692	18.64877
BELL	-33.24744	27.35953
BELLAIR	-29.88968	30.94137
BELLVILLE	-33.90206	18.6221
BELLVILLE SOUTH	-33.91541	18.64655
BELMONT	-29.41678	24.36647
BENONI	-26.19655	28.31337
BEREA	-29.84813	31.00409
BERGVILLE	-28.73144	29.35523
BERLIN	-32.87859	27.5732
BESTERS	-28.43673	29.64116
BETHAL	-26.46098	29.46955
BETHANIE	-25.55175	27.60139
BETHELSDORP	-33.87062	25.51261
BETHLEHEM	-28.23108	28.30889
BETHULIE	-30.49887	25.97663
BHEKITHEMBA	-29.97721	30.86016
BHISHO	-32.85029	27.44085
Bholo	-32.3882	27.62414
Bholothwa	-31.9862	27.1992
BIESIESVLEI	-26.37833	25.90384
BISHOP LAVIS	-33.94634	18.57224
BISHOPSTOWE	-29.58422	30.47682
BITYI	-31.80929	28.53375
BLINKPAN	-26.09934	29.45108
BLOEMHOF	-27.65256	25.60685
BLOEMSPRUIT	-29.1395	26.27852
BLUEWATER	-32.72743	27.95053
BOETSAP	-27.9761	24.45268
BOIPATONG	-26.66959	27.84344
BOITEKONG	-25.60465	27.29704
BOITHUSO	-29.25967	26.67399
BOKSBURG	-26.22025	28.23787
BOKSBURG NORTH	-26.206	28.25302
BOLOBEDU	-23.64412	30.22274
BONNIEVALE	-33.93905	20.09825
BOONS	-25.96687	27.23671
BOOYSENS	-26.23361	28.02202
BOSCHKOP	-25.81666	28.40709
BOSHOEK	-25.72593	24.28325
BOSHOF	-28.54034	25.23967
BOSTON	-29.68509	30.04722
BOTHASIG	-33.85506	18.54346
BOTHAVILLE	-27.38891	26.61423
BOTHITHONG	-27.065	23.82805
BOTLOKWA	-23.49214	29.73967
BOTSHABELO	-29.2362	26.71606
BRACKENDOWNS	-26.34619	28.09636
BRACKENFELL	-33.87196	18.68164
BRAKPAN	-26.23481	28.36257
BRAMLEY	-26.12079	28.08413
BRANDFORT	-28.7031	26.45913
BRANDVLEI	-30.46407	20.4897
BRAY	-25.45771	23.7157
BREDASDORP	-34.53644	20.04727
BREYTEN	-26.30226	29.98664
BRIDGE CAMP	-32.02197	27.3588
BRIGHTON BEACH	-29.93649	31.00619
BRITS	-25.63515	27.77918
BRITSTOWN	-30.59218	23.4996
BRIXTON	-26.19278	27.99355
BRONKHORSTSPRUIT	-25.80898	28.74566
BRONVILLE	-27.99683	26.81762
BROOKLYN	-25.7556	28.2377
BUFFALO FLATS	-33.02401	27.86027
BUFFELSHOEK	-26.80295	27.39991
BULGERIVIER	-24.12651	27.69389
BULTFONTEIN	-28.29346	26.15286
BULWER	-29.8118	29.76945
BURGERSDORP	-30.99708	26.33273
BURGERSFORT	-24.67925	30.32999
BUSHBUCKRIDGE	-24.8423	31.06821
BUTTERWORTH	-32.3292	28.14217
CALA	-31.52416	27.69644
CALCUTTA	-24.98705	31.24385
CALEDON	-34.23493	19.42919
CALITZDORP	-33.53339	21.68666
CALVINIA	-31.47331	19.77337
CAMBRIDGE	-32.97932	27.89812
CAMPBELL	-28.8032	23.71662
CAMPERDOWN	-29.72907	30.54127
CAMPS BAY	-33.95604	18.37672
CAPE TOWN CENTRAL	-33.92774	18.4231
CARLETONVILLE	-26.35839	27.39859
CARNARVON	-30.96943	22.1259
CAROLINA	-26.07128	30.11998
CATHCART	-32.29579	27.1411
CATO MANOR	-29.86012	30.968
CEDARVILLE	-30.39106	29.04574
CENTANE	-32.51021	28.3202
CERES	-33.36941	19.31159
CEZA	-27.99503	31.37832
CHALUMNA	-33.13694	27.53995
CHARL CILLIERS	-26.65976	29.1875
CHARLESTOWN	-27.41557	29.87355
CHATSWORTH	-29.91231	30.88538
CHRISSIESMEER	-26.28052	30.21357
CHRISTIANA	-27.90918	25.16738
CHUNGWA	-32.83898	27.15612
CITRUSDAL	-32.58829	19.01101
CLANWILLIAM	-32.17615	18.89226
CLAREMONT	-33.98442	18.47286
CLARENS	-28.5154	28.41983
CLEVELAND	-26.20398	28.11556
CLOCOLAN	-28.91602	27.56798
CLOETESVILLE	-33.92257	18.85526
COFFEE BAY	-31.97848	29.14881
COFIMVABA	-32.00375	27.58411
COLENSO	-28.73492	29.82205
COLESBERG	-30.7197	25.09446
COLIGNY	-26.3307	26.31738
COMMITTEES	-33.16014	26.83654
CONVILLE	-33.98272	22.47327
COOKHOUSE	-32.75007	25.8005
CORNELIA	-27.23861	28.85422
CRADOCK	-32.1756	25.62571
CRAMOND	-29.41448	30.42808
CREIGHTON	-30.02955	29.84284
CRYSTALPARK	-26.12412	28.37297
CULLINAN	-25.67528	28.52028
CUMBERLAND	-23.976	26.91968
CYFERSKUIL	-25.0764	28.24066
DA GAMASKOP	-34.17631	22.11733
DALASILE	-31.62187	28.19333
DALTON	-29.34421	30.63626
DANIELSKUIL	-28.18239	23.54306
DANNHAUSER	-28.01441	30.05658
DARLING	-33.37637	18.38199
DAVEL	-26.4479	29.66766
DAVEYTON	-26.15328	28.4156
DAWN PARK	-26.315	28.2477
DE AAR	-30.6606	24.00504
DE DEUR	-26.51511	27.91079
DE DOORNS	-33.47424	19.66581
DE RUST	-33.48874	22.53451
DEALESVILLE	-28.67602	25.76379
DEBEN	-27.5982	22.88325
DELAREYVILLE	-26.69094	25.4567
DELFT	-33.97502	18.64209
DELMAS	-26.14512	28.68756
DELPORTSHOOP	-28.41605	24.31019
DENEYSVILLE	-26.88716	28.09493
DENNILTON	-25.25865	29.14743
DESPATCH	-33.80317	25.47264
DEVON	-26.3563	28.78603
DEWETSDORP	-29.58358	26.66246
DIENTJIE	-24.61384	30.80467
DIEPKLOOF	-26.23883	27.94192
DIEPRIVIER	-34.03161	18.46485
DIEPSLOOT	-25.92322	28.02203
DIMBAZA	-32.83365	27.20597
DINGLETON	-27.78413	22.98298
DIRKIESDORP	-27.17452	30.40569
DOBSONVILLE	-26.2155	27.8704
DONNYBROOK	-29.92982	29.87938
DORDRECHT	-31.3794	27.04719
DORING BAY	-31.81174	18.23678
DORINGKLOOF	-32.45969	26.51463
DORSET	-24.06064	28.16096
DOUGLAS	-29.05651	23.77278
DOUGLASDALE	-26.0263	27.9907
DUBE	-25.40502	28.02384
DUDUDU	-30.19282	30.61743
DUDUZA	-26.3754	28.4177
DULLSTROOM	-25.41676	30.10594
DUNCAN VILLAGE	-33.00505	27.88872
DUNDEE	-28.16235	30.23368
DUNNOTTAR	-26.35129	28.4388
DURBAN CENTRAL	-29.84229	31.02748
DURBAN NORTH	-29.77732	31.04827
DURBANVILLE	-33.83389	18.64929
Dutywa	-32.10058	28.30797
DWAALBOOM	-24.72708	26.80808
DYSSELSDORP	-33.57618	22.4346
EAST LONDON	-33.02058	27.90288
EDENBURG	-29.73567	25.93462
EDENPARK	-26.3766	28.1281
EDENVALE	-26.14829	28.14885
EDENVILLE	-27.55535	27.67408
EENDEKUIL	-32.6894	18.882
EERSTERUST	-25.70602	28.3189
EKANGALA	-25.69136	28.74155
EKOMBE	-28.64461	30.8973
EKULINDENI	-26.0496	31.01682
EKUVUKENI	-28.4618	30.15365
ELANDS BAY	-32.31333	18.34069
ELANDS HEIGHT	-30.80423	28.22494
ELANDSKRAAL	-24.71591	29.41198
ELANDSLAAGTE	-28.40129	29.9588
ELDORADO PARK	-26.29105	27.90082
ELLIOT	-31.33022	27.84998
ELLIOTDALE	-31.96778	28.68342
ELSBURG	-26.24517	28.19877
ELSIES RIVER	-33.92441	18.56443
ELUKWATINI	-26.06088	30.78716
EMANGUZI	-26.99803	32.74348
EMATIMATOLO	-29.14101	30.82659
EMATSHENI	-28.69808	29.1555
EMBALENHLE	-26.54492	29.0747
EMPANGENI	-28.74586	31.88623
EMZINONI	-26.48456	29.44593
ENNERDALE	-26.40392	27.83225
ERASMIA	-25.81177	28.09258
ERMELO	-26.52267	29.98454
ESHOWE	-28.90237	31.45689
Esikhaleni	-28.87456	31.9048
ESIKHAWINI	-28.87487	31.90505
ESTCOURT	-29.00566	29.87219
ETWATWA	-26.11999	28.4642
EVANDER	-26.47065	29.10759
EVATON	-26.54172	27.85719
EVATT	-30.03691	29.35065
EXCELSIOR	-28.9382	27.06109
EZAKHENI	-28.59515	29.9278
EZIBAYENI	-27.99895	32.06748
EZIBELENI	-31.90484	26.95282
EZINQOLENI	-30.78476	30.12799
FAIRLAND	-26.14423	27.9375
FAURESMITH	-29.74649	25.31122
FERNIE	-26.41759	30.7737
FICKSBURG	-28.87051	27.87397
FISH HOEK	-34.13289	18.43492
FLAGSTAFF	-31.08187	29.49472
FLORIDA	-26.1693	27.9051
FLOUKRAAL	-30.99623	27.05484
FOCHVILLE	-26.4879	27.49416
FOLWENI	-29.99068	30.81185
FORT BEAUFORT	-32.77701	26.63555
FORT BROWN	-33.12978	26.61773
FOURIESBURG	-28.61588	28.20841
FRANKLIN	-30.3176	29.45103
FRANSCHHOEK	-33.9122	19.12143
FRASERBURG	-31.91087	21.5136
GALESHEWE	-28.71051	24.74277
GAMALAKHE	-30.79986	30.34167
GANS BAY	-34.57818	19.35139
GANYESA	-26.5997	24.18723
GA-RANKUWA	-25.59973	27.99901
GARIEPDAM	-30.5913	25.49178
GARIES	-30.56504	17.99024
GARSFONTEIN	-25.78853	28.2891
GELVANDALE	-33.91055	25.5503
GENADENDAL	-34.04481	19.5628
GEORGE	-33.95658	22.46031
GERMISTON	-26.21722	28.16174
GILEAD	-23.48766	28.65649
GINGINDLOVU	-29.02791	31.58145
GIYANI	-23.31353	30.71573
GLEN	-28.93999	26.33199
GLEN GREY	-31.75751	27.0212
GLENCOE	-28.17932	30.15452
GLENDALE	-29.32763	31.11037
GLUCKSTADT	-27.97561	31.0321
GOEDEMOED	-30.55924	26.40335
GONUBIE	-32.9366	28.00084
GOODWOOD	-33.90888	18.56195
GORDONS BAY	-34.15908	18.86941
GOWAN LEA	-30.34742	29.70266
GRAAFF-REINET	-32.25286	24.53989
GRAAFWATER	-32.15174	18.60647
GRABOUW	-34.15381	19.01901
GRAHAMSTOWN	-33.31163	26.53445
GRASKOP	-24.93494	30.83923
GRASSY PARK	-34.04863	18.49523
GRAVELOTTE	-23.95146	30.61256
GREENWOOD PARK	-29.78553	31.02431
GREYLINGSTAD	-26.74201	28.76545
GREYTOWN	-29.05913	30.59429
GRIEKWASTAD	-28.84759	23.25104
GROBLERSDAL	-25.16553	29.3896
GROBLERSHOOP	-28.89311	21.98261
GROENVLEI	-27.4621	30.23121
GROOT BRAKRIVIER	-34.05469	22.21906
GROOT MARICO	-25.59968	26.41868
GROOT-DRAKENSTEIN	-33.86616	18.97776
GROOTVLEI	-26.79878	28.50955
GUGULETHU	-33.97497	18.56331
HAENERTSBURG	-23.94073	29.9405
HAMBURG	-33.28897	27.46711
HAMMANSKRAAL	-25.40479	28.27506
HAMMARSDALE	-29.7957	30.65611
HANKEY	-33.83223	24.88528
HANOVER	-31.06641	24.44393
HARARE	-34.05193	18.6693
HARBURG	-29.41241	30.7378
HARDING	-30.57499	29.88243
HARRISMITH	-28.26961	29.12786
HARTBEESFONTEIN	-26.75817	26.42618
HARTBEESPOORTDAM	-25.72447	27.87159
HARTEBEESKOP	-26.18032	30.93031
HARTSWATER	-27.75361	24.80519
HATTINGSPRUIT	-28.0792	30.124
HAZYVIEW	-25.04701	31.1283
HEALDTOWN	-32.74839	26.64999
HEBRON	-25.54938	28.01714
HEIDEDAL	-29.14242	26.25019
Heidelberg (Gp)	-26.49652	28.35413
HEIDELBERG(C)	-34.08899	20.95543
HEILBRON	-27.28279	27.96707
HEKPOORT	-25.8961	27.61817
HELPMEKAAR	-28.44667	30.41937
HENDERSON	-32.3144	27.33609
HENDRINA	-26.16052	29.71433
HENNENMAN	-27.97913	27.02748
HERCULES	-25.71914	28.1488
HERMANUS	-34.41859	19.23623
HERTZOGVILLE	-28.13091	25.50616
HEUNINGSPRUIT	-27.44889	27.42303
HEUNINGVLEI	-26.2937	23.17961
HIBBERDENE	-30.57774	30.57051
HIGHFLATS	-30.25922	30.19238
HILLBROW	-26.18823	28.04464
HILLCREST	-29.78427	30.76489
HILTON-KZN	-29.56531	30.29617
HIMEVILLE	-29.75237	29.51173
HLABABOMVU	-31.26654	29.36261
HLABISA	-28.14037	31.85714
HLANGANANI	-23.30664	30.29724
HLOBANE	-27.73717	31.00971
HLOGOTLOU	-25.02105	29.73837
HLUHLUWE	-28.02034	32.26855
HOBHOUSE	-29.52845	27.14284
HOEDSPRUIT	-24.35383	30.95114
HOFMEYR	-31.65593	25.80221
HOGSBACK	-32.60057	26.93696
HONDEKLIP BAY	-30.32269	17.27415
HONEYDEW	-26.0732	27.9201
HOOPDAL	-24.27923	27.49232
HOOPSTAD	-27.83669	25.90546
HOPEFIELD	-33.06525	18.34998
HOPETOWN	-29.61956	24.08728
HOUT BAY	-34.03052	18.35674
HOWICK	-29.4885	30.22997
HUHUDI	-26.96691	24.74053
HUMANSDORP	-34.02798	24.77275
HUMEWOOD	-33.97403	25.62617
IBISI	-30.40506	29.88793
IDA	-31.40925	27.55116
IKAGENG	-26.72025	27.06247
IKAMVELIHLE	-33.79741	25.60843
ILINGE	-31.97622	27.03843
IMPENDLE	-29.6006	29.86545
INANDA	-29.6968	30.93351
INCHANGA	-29.74268	30.67873
INDWE	-31.47124	27.33555
INGOGO	-27.57737	29.91188
INGWAVUMA	-27.13361	31.9975
INT AIRP KING SHAKA	-29.61844	31.10425
INTSIKENI	-30.13768	29.58809
INYIBIBA	-32.95596	27.69467
IPELEGENG	-27.19638	25.30579
ISIPINGO	-29.98666	30.92521
ITSOSENG	-26.08725	25.88043
IVORY PARK	-25.99001	28.20162
IXOPO	-30.1548	30.06021
JABULANI	-26.2482	27.8583
JACOBSDAL	-29.13018	24.77064
JAGERSFONTEIN	-29.76054	25.42291
JAMESTOWN	-31.1205	26.81023
JAN KEMPDORP	-27.91606	24.83897
JANE FURSE	-24.765	29.85281
JANSENVILLE	-32.94236	24.66876
JEFFREYS BAY	-34.0553	24.92192
JEPPE	-26.20225	28.06046
JERICHO	-25.34301	27.81452
JHB CENTRAL	-26.20676	28.0311
JOUBERTINA	-33.82652	23.85546
JOUBERTON	-26.89184	26.58773
JOZA	-33.28478	26.57081
JOZINI	-27.42715	32.06406
KAAPMUIDEN	-25.53614	31.34071
KABEGA PARK	-33.93989	25.49849
KABOKWENI	-25.34439	31.12938
KAGISANONG	-29.18293	26.23517
KAGISHO	-28.7114	24.71971
KAGISO	-26.16425	27.78162
KAKAMAS	-28.77074	20.61854
KAMEELDRIFT	-25.65062	28.30718
KAMESH	-33.75313	25.38562
KAMIESKROON	-30.21307	17.93159
KANANA	-26.95975	26.64038
KANONEILAND	-28.65236	21.08695
KANYAMAZANE	-25.46503	31.18394
KAREEDOUW	-33.95386	24.29433
KATHU	-27.69892	23.04492
KATKOP	-30.88541	28.51182
KATLEHONG	-26.3619	28.1571
KATLEHONG NORTH	-26.314697	28.1567666
KEI BRIDGE	-32.50557	27.97953
KEI MOUTH	-32.6788	28.37477
KEI ROAD	-32.70575	27.54653
KEIMOES	-28.70806	20.97055
KEISKAMMAHOEK	-32.68017	27.14546
KEMPTON PARK	-26.10141	28.23211
KENHARDT	-29.3466	21.15192
KENSINGTON	-33.90953	18.51064
KENTON ON SEA	-33.68053	26.66674
KESTELL	-28.31452	28.70516
KGOMOTSO	-27.98218	24.61279
KHAYELITSHA	-34.02464	18.66599
Khubusidrift	-32.56819	27.62384
KHUMA	-26.85147	26.84686
KHUTSONG	-26.34301	27.33051
KIDDS BEACH	-33.14929	27.69525
KIMBERLEY	-28.73487	24.7632
King William Town	-32.87139	27.39139
KINGSLEY	-27.93065	30.53045
KINKELBOS	-33.64669	25.87827
KINROSS	-26.4154	29.08508
KIRKWOOD	-33.39892	25.44409
KIRSTENHOF	-34.07219	18.45524
KLAPMUTS	-33.80679	18.86272
KLAWER	-31.77222	18.62512
KLEINBULHOEK	-32.16655	26.575
KLEINMOND	-34.33963	19.03232
KLEINSEE	-29.66193	17.07984
KLEINVLEI	-33.9882	18.71879
KLERKSDORP	-26.86353	26.66311
KLERKSKRAAL	-26.25175	27.16339
KLIPGAT	-25.47304	27.98434
KLIPPLAAT	-33.02179	24.33284
KLIPRIVIER	-26.42027	28.08452
KLIPTOWN	-26.28229	27.88838
KNYSNA	-34.03629	23.05145
KOFFIEFONTEIN	-29.40948	25.00308
KOKSTAD	-30.55093	29.42536
KOLOMANE	-32.42247	26.78883
KOMAGGAS	-29.79486	17.48749
KOMATIPOORT	-25.4362	31.95774
KOMGA	-32.57532	27.89203
KOMMISSIEPOORT	-29.32488	27.28657
KOPANONG	-29.18644	26.25326
KOPPIES	-27.24265	27.57533
KOSTER	-25.86502	26.89748
KRAAIFONTEIN	-33.857	18.7273
KRANSKOP	-28.96604	30.86405
KRIEL	-26.25064	29.26061
KROONSTAD	-27.66893	27.23468
KRUGERSDORP	-26.0994	27.766
KUILSRIVIER	-33.93231	18.6825
KURUMAN	-27.45901	23.43229
KUYASA	-30.71908	25.10707
KWA THEMA	-26.27889	28.39438
KWAAIMAN	-31.9192	28.97806
KWADABEKA	-29.77619	30.89295
KWADUKUZA	-29.34719	31.2843
KWADWESI	-33.84109	25.52347
KWAGGAFONTEIN	-25.30942	28.94768
KWAMAKHUTHA	-30.0253	30.86804
KWAMASHU E	-29.73592	31.00027
KWAMBONAMBI	-28.5988	32.0859
KWAMHLANGA	-25.43404	28.71577
KWAMSANE	-28.42857	32.1479
KWANDENGANE	-31.054979	29.75814
KWANDENGEZI	-29.85093	30.76895
KWANOBUHLE	-33.81395	25.39782
KWANOKUTHULA	-34.05359	23.32062
KWANONQABA	-34.17612	22.09112
KWAZAKELE	-33.87626	25.58308
LAAIPLEK	-32.77115	18.15646
LADISMITH	-33.49487	21.2683
LADY FRERE	-31.70148	27.23649
LADY GREY	-30.71202	27.20923
LADYBRAND	-29.19591	27.4568
LADYSMITH	-28.56124	29.77862
LAERSDRIFT	-25.36766	29.85622
LAINGSBURG	-33.19758	20.85937
LAMBERTSBAAI	-32.09251	18.30541
LAMONTVILLE	-29.94046	30.93923
LANGA	-33.94453	18.52647
LANGEBAAN	-33.09287	18.03349
LANGLAAGTE	-26.20815	27.98447
LANSDOWNE	-33.99054	18.50523
LAUDIUM	-25.78555	28.09789
LEBOENG	-24.509	30.64776
LEBOWAKGOMO	-24.32098	29.48187
LEEU GAMKA	-32.77896	21.97303
LEEUDORINGSTAD	-27.23507	26.24131
LEHURUTSHE	-25.4878	25.98517
LENASIA	-26.32228	27.82496
LENASIA SOUTH	-26.39441	27.85891
LENTEGEUR	-34.03613	18.6107
LEPHALALE	-23.67856	27.73479
LESLIE	-26.36964	28.92186
LETHABONG	-25.43625	27.50895
LETHLABILE	-25.49501	27.83781
LETSITELE	-23.89402	30.39214
LEVUBU	-23.09234	30.2754
LIBODE	-31.53967	29.01552
LICHTENBURG	-26.15137	26.15889
LIME ACRES	-28.35892	23.52467
LINDEN	-26.11922	27.9937
LINDLEY	-27.88343	27.92071
LINGELETHU-WEST	-34.04298	18.66004
LOATE	-25.4951	28.07368
LOERIESFONTEIN	-30.95563	19.44893
LOMANYANENG	-25.8949	25.65939
LOTHAIR	-26.39072	30.44033
LOUWSBURG	-27.58069	31.28124
Low Creek	-25.64453	31.29337
LOXTON	-31.4772	22.34998
LUCKHOFF	-29.7515	24.78995
LUKHOLWENI	-30.64249	28.85494
LULEKANI	-23.86649	31.08104
LUSIKISIKI	-31.36889	29.57499
LUTZVILLE	-31.55902	18.34501
LWANDLE	-34.11561	18.86718
LYDENBURG	-25.0964	30.45298
LYTTELTON	-25.83904	28.19868
MAAKE	-23.9731	30.27092
MAARTENSHOOP	-24.99079	30.234
MABOPANE	-25.511	28.0575
MACASSAR	-34.06112	18.76276
MACHADODORP	-25.66843	30.25328
MACLEANTOWN	-32.78686	27.74466
MACLEAR	-31.06708	28.34897
MADADENI	-27.762	30.02664
MADEIRA	-31.58703	28.78971
MADIBOGO	-26.42189	25.1507
MADIKWE	-25.35177	26.52447
MAFUBE	-27.26838	28.50321
MAGALIESBURG	-25.99744	27.53867
MAGATLE	-24.45995	29.41087
MAGUDU	-27.54544	31.64838
MAHAMBA	-27.10484	31.0679
MAHIKENG	-25.86314	25.64055
MAHLABATHINI	-28.2339	31.46908
MAHWELERENG	-24.15543	28.98329
MAITLAND	-33.92367	18.48325
MAKAPANSTAD	-25.23604	28.12209
MAKGOBISTAD	-25.75024	25.10729
MAKHADO	-23.03789	29.90773
MAKUYA	-22.65248	30.82752
MAKWANE	-28.53211	28.88045
MAKWASSIE	-27.31268	25.9933
MALAMULELE	-23.00452	30.68665
MALEBOHO	-22.89844	28.83183
MALELANE	-25.49436	31.51072
MALETSWAI	-30.69442	26.69165
MALIPSDRIFT	-24.23447	29.82122
MALMESBURY	-33.45354	18.72971
MALUTI	-30.26205	28.78647
MALVERN	-29.87456	30.91017
MAMELODI	-25.71422	28.34826
MAMELODI EAST	-25.71357	28.39609
MANDENI	-29.15479	31.41142
MANENBERG	-33.97186	18.55608
MANGAUNG	-29.15674	26.24956
MANKWENG	-23.88506	29.72669
MAOKENG	-27.65223	27.20998
MAPHUMULO	-29.15989	31.06624
MARA	-23.0909	29.39279
MARBLE HALL	-24.96968	29.29687
MARGATE	-30.86359	30.36415
MARIANNHILL	-29.86286	30.8353
MARIKANA	-25.70513	27.48645
MARQUARD	-28.66536	27.4259
MARYDALE	-29.40618	22.10618
MASEMOLA	-24.56753	29.66673
MASHASHANE	-23.896389	29.134318
MASISI	-22.42221	30.86261
MASOYI	-25.16354	31.11541
MATATIELE	-30.34362	28.80508
MATLALA	-23.67413	29.0315
MATSULU	-25.51513	31.34609
MAYDON WHARF	-29.8783	31.00228
MAYFLOWER	-26.30353	30.77622
MAYVILLE-KZN	-29.85207	30.98406
MBAZWANA	-27.48081	32.59923
MBEKWENI	-33.67287	18.99789
Mbizana	-30.85428	29.85939
MBIZENI	-30.75569	28.36188
MBONGOLWANE	-28.93937	31.20316
MBUZINI	-25.82101	31.89291
MCGREGOR	-33.9463	19.82949
MDANTSANE	-32.94867	27.77583
MEADOWLANDS	-26.22145	27.90026
MECKLENBURG	-24.38627	30.07359
MEHLOMNYAMA	-30.58681	30.32273
MELKBOSSTRAND	-33.72733	18.4481
MELMOTH	-28.59162	31.39876
MELODING	-28.13308	26.89475
MEMEL	-27.68155	29.56703
MEYERTON	-26.55567	28.01492
MFULENI	-33.98106	18.68742
MHALA	-24.72574	31.20416
MHLUZI	-25.75075	29.4488
MID ILLOVO	-29.96608	30.51511
MIDDELBURG MPUMALANG	-25.76254	29.45876
Middelburg(Ec)	-31.49245	25.00611
MIDDELPOS	-31.90632	20.232
MIDDLEDRIFT	-32.81951	26.9905
MIDRAND	-25.99321	28.12012
MILNERTON	-33.87562	18.50175
MITCHELLS PLAIN	-34.04761	18.62321
MKHUZE	-27.62258	32.03108
MLUNGISI	-31.91098	26.8652555
MMABATHO	-25.8383	25.6069
MMAKAU	-25.6174	27.94101
MMAMETLAKE	-25.10504	28.5431
MODDER RIVER	-29.03196	24.62926
MODIMOLLE	-24.70692	28.40881
MODJADJISKLOOF	-23.69563	30.14385
MOFFATVIEW	-26.24153	28.088771
MOGWADI	-23.36789	29.32768
MOGWASE	-25.27102	27.23673
MOKOPANE	-24.18398	29.01583
MOKOPONG	-25.36555	22.97807
MOLTENO	-31.39491	26.36142
MONDEOR	-26.27615	28.01003
MONDLO	-27.97384	30.69569
MONTAGU	-33.7846	20.12967
MONTCLAIR	-29.91872	30.97392
MOOI RIVER	-29.21221	29.99216
MOOIFONTEIN	-26.25351	25.60272
MOOINOOI	-25.75948	27.55002
MOOIPLAAS	-32.7383	28.05225
MOORREESBURG	-33.15359	18.66466
MOREBENG	-23.49402	29.92797
MORGENZON TRANSVAAL	-26.73369	29.61297
MOROKA	-26.2681	27.8755
MOROKWENG	-26.13677	23.77682
MOSSEL BAY	-34.18145	22.14066
MOTETEMA	-25.0989	29.4644
MOTHERWELL	-33.79664	25.58419
MOTHIBISTAD	-27.39776	23.49068
MOTHUTLUNG	-25.59975	27.8873
MOTSWEDI	-25.27729	25.88558
MOUNT AYLIFF	-30.81069	29.36962
MOUNT FLETCHER	-30.69057	28.50988
MOUNT FRERE	-30.9068	28.99125
MOUNT ROAD	-33.95494	25.59516
MOUNTAIN RISE	-29.5818	30.40203
MOWBRAY	-33.95012	18.47228
MOYENI	-33.48006	27.13021
MPHEPHU	-22.8985	30.03913
MPISI	-31.14658	29.93013
MPOPHOMENI	-29.56264	30.18046
MPUMALANGA KZN	-29.81428	30.63633
MPUNGAMHLOPHE	-28.27376	31.25359
MQANDULI	-31.81916	28.76291
MSINGA	-28.74896	30.44199
MSINSINI	-30.49365	30.51874
MSOBOMVU	-32.32437	28.186
MTHATHA	-31.58173	28.77164
MTONTSASA	-31.20766	29.7024
MTUBATUBA	-28.41957	32.18481
MTUNZINI	-28.95414	31.75453
MUDEN	-28.97467	30.36748
MUIZENBERG	-34.10872	18.46663
MULDERSDRIFT	-26.03846	27.85052
MURRAYSBURG	-31.96489	23.76155
MUSINA	-22.34331	30.04396
MUTALE	-22.73445	30.52317
MZAMBA	-31.07529	30.18437
NABABEEP	-29.58775	17.7859
NABOOMSPRUIT	-24.51843	28.71265
NALEDI	-26.2545	27.8321
NAMAHADI	-28.58345	28.82841
NAMAKGALE	-23.933	31.02834
NAPIER	-34.4756	19.89561
NAVALSIG	-29.10568	26.23765
NDEVANA	-32.91955	27.48999
NDUMO	-26.9201	32.26491
NDWEDWE	-29.51506	30.93596
NEBO	-24.86798	29.75343
NELSPRUIT	-25.46928	30.9792
NEMATO	-33.57672	26.89275
NEW BRIGHTON	-33.90752	25.5845
NEW HANOVER	-29.35433	30.52769
NEWARK	-29.19994	31.4125
NEWCASTLE	-27.76069	29.93826
NEWLANDS EAST	-29.78514	30.97478
NGANGELIZWE	-31.60532	28.79572
Ngcobo	-31.67635	27.99961
NGODWANA	-25.5708	30.67429
NGOME	-27.83284	31.38986
Ngqamakhwe	-32.20241	27.94282
NGQELENI	-31.67193	29.03225
NHLANHLENI	-28.55147	30.42224
NIEKERKSHOOP	-29.32683	22.83759
NIETVERDIEND	-25.02325	26.15879
NIEUWOUDTVILLE	-31.37425	19.11703
NIGEL	-26.42076	28.47217
NKANDLA	-28.62028	31.09171
NOENIEPUT	-27.51294	20.14278
NONDWENI	-28.19908	30.80476
NONGOMA	-27.89904	31.64726
NORKEMPARK	-26.05456	28.22334
NORMANDIEN	-27.98656	29.78067
NORTHAM	-24.9599	27.26438
NORVALSPONT	-30.63228	25.45104
NORWOOD	-26.1612	28.07833
NOTTINGHAM ROAD	-29.35132	29.99044
NOUPOORT	-31.17601	24.95116
NQUTHU	-28.21219	30.67726
NSUZE	-29.37678	30.94349
NTABAMHLOPHE	-29.10312	29.6086
NTABANKULU	-30.95517	29.30275
NTABETHEMBA	-32.03171	26.48029
NTAMBANANA	-28.60502	31.74294
NTUZUMA	-29.7344	30.95097
NUWERUS	-31.14968	18.35712
NYANGA	-33.98896	18.58342
NYONI	-29.07975	31.46301
OCEAN VIEW	-34.14435	18.34645
ODENDAALSRUS	-27.87226	26.68751
OGIES	-26.05064	29.05272
OHRIGSTAD	-24.75191	30.55652
OLIEVENHOUTBOSCH	-25.9176	28.0955
OLIFANTSFONTEIN	-25.95135	28.23211
OLIFANTSHOEK	-27.94753	22.73744
ONSEEPKANS	-28.74154	19.30395
OR TAMBO INTERN AIRP	-26.13293	28.22985
ORANGE FARMS	-26.47848	27.8672
ORANJEVILLE	-26.98908	28.20446
ORKNEY	-26.97781	26.66994
ORLANDO	-26.23877	27.91915
OSIZWENI	-27.79043	30.12937
OTTOSDAL	-26.81203	25.99991
OTTOSHOOP	-25.75138	25.96256
OUDTSHOORN	-33.58986	22.20401
PAARL	-33.73854	18.96916
PAARL EAST	-33.71148	18.99406
PABALELLO	-28.44386	21.2221
PACALTSDORP	-34.02196	22.45031
PADDOCK	-30.7586	30.2498
PALMIETFONTEIN	-30.42178	27.54181
PAMPIERSTAT	-27.77091	24.69018
PARK ROAD	-29.11994	26.21159
PARKVIEW	-26.15951	28.02657
PAROW	-33.90469	18.59561
PARYS	-26.89837	27.4567
PATENSIE	-33.75645	24.81577
PATERSON	-33.43978	25.96983
PAUL ROUX	-28.29686	27.95304
PAULPIETERSBURG	-27.42332	30.81722
PEARSTON	-32.58076	25.13783
PEDDIE	-33.19855	27.11446
PELLA	-29.0335	19.15277
PERDEKOP	-27.16835	29.62148
PETRUS STEYN	-27.64711	28.13161
PETRUSBURG	-29.11293	25.41366
PETRUSVILLE	-30.07724	24.65858
PHALABORWA	-23.95261	31.13608
PHILADELPHIA	-33.66565	18.58239
PHILIPPI	-34.00107	18.54054
PHILIPPI EAST	-34.01031	18.60685
PHILIPPOLIS	-30.26739	25.27314
PHILIPSTOWN	-30.43415	24.47417
PHOENIX	-29.70143	31.00799
PHOKENG	-25.57313	27.16254
PHUMALANGA	-30.57749	27.57751
PHUTHADITJHABA	-28.51524	28.82656
PIENAAR	-25.43437	31.1846
PIENAARSRIVIER	-25.20246	28.2964
PIET PLESSIS	-26.1624	24.40795
PIET RETIEF	-27.00637	30.80584
PIETERMARITZBURG	-29.60476	30.37979
PIKETBERG	-32.90627	18.75449
Pilgrim Rest	-24.90998	30.7564
PINELANDS	-33.92691	18.50137
PINETOWN	-29.81797	30.87201
PLESSISLAER	-29.64513	30.33879
PLETTENBERG BAY	-34.05783	23.37196
PLOOYSBURG	-29.02645	24.23761
POFADDER	-29.12586	19.39496
POINT	-29.86189	31.03983
POLOKWANE	-23.91312	29.45481
PONGOLA	-27.37626	31.61623
PORT ALFRED	-33.59043	26.88904
PORT EDWARD	-31.05239	30.21723
PORT NOLLOTH	-29.25463	16.86932
PORT SHEPSTONE	-30.73368	30.4489
PORT ST JOHNS	-31.62894	29.54424
PORTERVILLE	-33.01164	18.99274
POSTMASBURG	-28.33124	23.0668
POTCHEFSTROOM	-26.71531	27.09456
PRESTBURY	-29.60667	30.33822
PRETORIA CENTRAL	-25.74846	28.18472
PRETORIA MOOT	-25.71295	28.21685
PRETORIA NORTH	-25.67133	28.174
PRETORIA WEST	-25.74808	28.158
PRIESKA	-29.6724	22.74069
PRIMROSE	-26.18914	28.15795
PRINCE ALBERT	-33.21944	22.02828
PRINCE ALFRED HAMLET	-33.29353	19.32863
PROTEA GLEN	-26.27697	27.83896
PUDIMOE	-27.4108	24.71941
PUNZANA	-33.06903	27.44577
PUTFONTEIN	-26.10332	28.41908
QUEENSTOWN	-31.89704	26.87144
QUMBU	-31.16497	28.87266
RABIE RIDGE	-26.0206	28.17065
Rakgoadi	-24.969385	29.296715
RANDBURG	-26.0765	27.997
RANDFONTEIN	-26.18076	27.7062
Ranking Pass	-24.52865	27.9136
RATANDA	-26.55351	28.32785
RAVENSMEAD	-33.92226	18.5973
RAWSONVILLE	-33.68464	19.30908
REDDERSBURG	-29.65303	26.16737
REDELINGHUYS	-32.47741	18.53737
REIGERPARK	-26.22976	28.22545
REITZ	-27.79927	28.43171
REIVILO	-27.57072	24.1833
RHODES	-30.79379	27.96674
RICHARDS BAY	-28.74824	32.05469
Richmond(C)	-31.41508	23.94401
RICHMOND-KZN	-29.87238	30.26986
RIEBEECK EAST	-33.20341	26.15276
RIEBEEK WEST	-33.35093	18.8727
RIETBRON	-32.90126	23.1522
RIETFONTEIN	-26.74269	20.0294
RIETGAT	-25.49786	28.09001
RIETVLEI	-29.17992	30.34741
RITAVI	-23.88811	30.28361
RIVERSDALE	-34.09338	21.26123
RIVIERSONDEREND	-34.15086	19.92037
ROADSIDE	-27.51842	28.8493
ROBERTSON	-33.80517	19.87543
ROEDTAN	-24.59628	29.08164
RONDEBOSCH	-33.96262	18.46833
ROODEPAN	-28.67237	24.73012
ROODEPOORT	-26.15501	27.8735
ROOIBERG	-24.77912	27.73079
ROOSSENEKAL	-25.19819	29.92706
ROSEBANK	-26.14538	28.03842
ROSEDALE	-28.4542	21.20795
ROSENDAL	-28.50406	27.9302
ROSSOUW	-31.16777	27.27997
ROUXVILLE	-30.42054	26.83419
RUST DE WINTER	-25.20296	28.60761
RUSTENBURG	-25.66821	27.24845
SAAMBOUBRUG	-22.56206	28.58481
SABIE	-25.09528	30.78207
SAKHILE	-26.96305	29.22101
SALDANHA	-33.00962	17.93958
SANDRINGHAM	-26.13648	28.11834
SANDTON	-26.08026	28.0615
SANNIESHOF	-26.52925	25.80644
SARON	-33.18409	18.99944
SASELAMANI	-22.83111	30.85767
SASOLBURG	-26.81351	27.82882
SAWOTI	-30.27408	30.49026
SCHOEMANSDAL	-25.68235	31.49894
SCHWEIZER-RENEKE	-27.18943	25.33134
SCOTTBURGH	-30.28763	30.75576
SEA POINT	-33.90553	18.39946
SEAFIELD	-33.53064	27.04722
SEBAYENG	-23.781327	29.6929333
SEBENZA	-26.1325	28.1819
SEBOKENG	-26.60924	27.84813
SECUNDA	-26.50187	29.18622
SEKGOSESE	-23.41238	30.15034
SEKHUKHUNE	-24.75217	30.0156
SELOSESHA	-29.19424	26.81939
SENEKAL	-28.3212	27.6226
SENWABARWANA	-23.28572	29.13931
SESHEGO	-23.85429	29.38227
SETLAGOLE	-26.27157	25.11376
SEVEN FOUNTAINS	-33.44057	26.3261
SEVERN	-26.58681	22.85903
SEYMOUR	-32.55177	26.76792
SHARPEVILLE	-26.68133	27.87801
SHEEPMOOR	-26.71503	30.29458
SILOAM	-22.89731	30.18623
SILVERTON	-25.73355	28.29632
Simon Town	-34.19313	18.43659
SINOVILLE	-25.67601	28.22617
SIYABUSWA	-25.11259	29.05024
SKUKUZA	-24.99523	31.59017
SMITHFIELD	-30.20976	26.53167
SOMERSET EAST	-32.7182	25.59114
SOMERSET WEST	-34.07682	18.84466
SOPHIA TOWN	-26.17733	27.97173
SOSHANGUVE	-25.5287	28.1126
SOUTHPORT	-30.66458	30.50909
SOUTPAN	-28.72135	26.06093
SPRINGBOK	-29.66587	17.88498
SPRINGFONTEIN	-30.26625	25.70502
SPRINGS	-26.24489	28.44266
ST FAITHS	-30.52934	30.20243
ST FRANCIS BAY	-34.16691	24.82673
ST HELENA BAY	-32.75816	18.02407
STANDERTON	-26.94646	29.24147
STANFORD	-34.43881	19.45789
STEENBERG	-34.06542	18.47621
STEINKOPF	-29.26636	17.73565
STELLA	-26.54945	24.86213
STELLENBOSCH	-33.93575	18.85592
STERKSPRUIT	-30.52837	27.37134
STERKSTROOM	-31.55052	26.55598
STEUNMEKAAR	-29.49944	25.52628
STEVE VUKILE TSHWETE	-32.72903	27.46567
STEYNSBURG	-31.29284	25.82328
STEYNSRUS	-27.95346	27.56381
STEYTLERVILLE	-33.32752	24.34185
STILFONTEIN	-26.84451	26.7773
STILL BAY	-34.37743	21.41184
STORMS RIVER	-33.97407	23.8889
STRAND	-34.11592	18.83286
STRANDFONTEIN	-34.07212	18.57684
STRUISBAAI	-34.80059	20.05088
STRYDENBURG	-29.94306	23.67684
STUTTERHEIM	-32.57118	27.42741
SULENKAMA	-31.01688	28.68437
SUN CITY	-25.36291	27.09869
SUNDRA	-26.18637	28.55062
SUNDUMBILI	-29.13495	31.40266
SUNNYSIDE	-25.75444	28.2077
SUNRISE	-30.64993	24.02046
SUTHERLAND	-32.39583	20.66037
SUURBRAAK	-34.0046	20.654
SWARTBERG	-30.24156	29.33874
SWARTKOPS	-33.85136	25.60443
SWARTRUGGENS	-25.6489	26.68895
SWELLENDAM	-34.02047	20.44455
SYDENHAM	-29.83128	30.97629
TABASE	-30.52585	28.31933
TABLE BAY HARBOUR	-33.91001	18.42454
TABLE VIEW	-33.82635	18.4893
TAMARA	-32.97844	27.28339
TARKASTAD	-32.00705	26.25755
TARLTON	-26.09221	27.66759
TAUNG	-27.54507	24.77898
TAYLORS HALT	-29.68305	30.19095
TEMBA	-25.38881	28.26037
TEMBISA	-26.00749	28.22014
TEMBISA SOUTH	-26.025975	28.208876
THABA-NCHU	-29.2112	26.84379
THABAZIMBI	-24.59703	27.40775
THABONG	-27.97483	26.78051
THE BARRAGE	-26.76453	27.6795
THEMBALETHU	-34.00341	22.48547
THEUNISSEN	-28.40042	26.71208
Thina Falls	-31.22086	29.02187
THOHOYANDOU	-22.97234	30.45594
THOMAS RIVER	-32.45155	27.25308
THORNHILL	-33.90226	25.14084
THORNHILL CISKEI	-31.98433	26.6089
THORNVILLE	-29.73621	30.38723
TIERPOORT	-29.44394	26.09008
TINMYNE	-24.03597	28.77543
TLHABANE	-25.64737	27.21433
TOKOZA	-26.32987	28.14338
TOLWE	-22.98531	28.57513
TOM BURKE	-23.0688	27.99936
TONGA	-25.6883	31.78474
TONGAAT	-29.5731	31.11518
TOUWS RIVER	-33.33927	20.03179
TOWN HILL	-29.58544	30.35122
TRICHARDT	-26.4936	29.22408
TROMPSBURG	-30.03372	25.78074
TSAKANE	-26.35194	28.36975
TSEKI	-28.58429	28.77262
TSESENG	-28.62038	28.85396
TSHAMUTUMBU	-22.38491	30.54586
TSHAULU	-22.80382	30.74773
TSHIDILAMOLOMO	-25.82608	24.67348
TSHILWAVHUSIKU	-23.09599	29.74204
TSHITALE	-23.35999	29.98902
TSINENG	-27.08513	23.07619
TSOLO	-31.31138	28.75858
TSOMO	-32.03707	27.81802
TUBATSE	-24.58143	30.32297
TUINPLAAS	-24.90246	28.73605
TULBAGH	-33.28503	19.14052
TUMAHOLE	-26.92008	27.48537
TWEEFONTEIN	-25.40626	28.80638
TWEELING	-27.5544	28.51549
TWEESPRUIT	-29.18634	27.02513
TYEFU	-33.12668	26.90461
TYLDEN	-32.11508	27.0706
TZANEEN	-23.82788	30.16194
UGIE	-31.19953	28.2349
UITENHAGE	-33.76565	25.40085
ULUNDI	-28.2959	31.42827
UMBILO	-29.87218	30.99136
UMBUMBULU	-29.99128	30.70896
UMHLALI	-29.46864	31.21969
UMKOMAAS	-30.20719	30.79157
UMLAZI	-29.96252	30.92848
UMSUNDUZI	-29.6644	30.63848
UMZIMKHULU	-30.26423	29.93638
UMZINTO	-30.30925	30.67228
UNIONDALE	-33.6573	23.12582
UPINGTON	-28.45019	21.25989
UPPER TUGELA	-28.81018	29.15404
UTRECHT	-27.65619	30.31941
VAAL MARINA	-26.87308	28.2312399
VAALBANK	-25.15941	28.85709
VAALWATER	-24.2936	28.11371
VAL	-26.79825	28.94027
VAN REENEN	-28.37872	29.38561
VAN STADENSRUS	-29.9874	27.01634
VAN ZYLSRUS	-26.87679	22.05007
VANDERBIJLPARK	-26.69897	27.83306
VANDERKLOOF	-29.99861	24.74164
VANRHYNSDORP	-31.6083	18.74001
VANWYKSVLEI	-30.35067	21.82435
VENTERSBURG	-28.08577	27.13605
VENTERSDORP	-26.31736	26.82122
VENTERSTAD	-30.77378	25.80117
VEREENIGING	-26.67931	27.92999
VERENA	-25.48245	29.02751
VERKEERDEVLEI	-28.83224	26.77901
VERKYKERSKOP	-27.91964	29.28102
VERULAM	-29.64474	31.04136
VICTORIA WEST	-31.40416	23.11399
VIERFONTEIN	-27.08004	26.75187
VILJOENSDRIF	-26.72698	27.92026
VILJOENSKROON	-27.20688	26.94658
VILLA NORA	-23.52831	28.12587
VILLIERIA	-25.718203	28.245436
VILLIERS	-27.02611	28.59953
VILLIERSDORP	-33.99243	19.28734
VIOOLSDRIF	-28.76911	17.62354
VIRGINIA	-28.10392	26.87201
VOLKSRUST	-27.374	29.88684
VORSTERSHOOP	-25.83738	23.02448
VOSBURG	-30.57359	22.8814
VOSLOORUS	-26.3423	28.211
VOSMAN	-25.86707	29.12743
VREDE	-27.42321	29.16897
VREDEFORT	-27.00656	27.36753
VREDENBURG	-32.90673	18.00228
VREDENDAL	-31.66088	18.51031
VRYBURG	-26.95942	24.72628
VRYHEID	-27.76738	30.79561
VULINDLELA	-32.92197	27.71242
VUWANI	-23.12982	30.4208
WAKKERSTROOM	-27.35712	30.1484
WALMER	-33.97903	25.58483
WANDA	-29.60004	24.43268
WARDEN	-27.85385	28.96409
WARRENTON	-28.11489	24.84885
WARTBURG	-29.4337	30.5768
WASBANK	-28.31341	30.10001
WATERPOORT	-22.90039	29.62656
WATERVAL	-23.16397	30.07076
WATERVAL BOVEN	-25.64433	30.32545
WEDELA	-26.4567	27.383
WEENEN	-28.85307	30.08461
WELBEKEND	-25.96476	28.46994
WELKOM	-27.97365	26.73691
WELLINGTON	-33.64022	19.00515
WEMBEZI	-29.04502	29.78917
WENTWORTH	-29.94177	30.98088
WEPENER	-29.73115	27.037
WESSELSBRON	-27.85679	26.36327
WESTENBURG	-23.904444	29.4301222
WESTONARIA	-26.323	27.65058
WESTVILLE	-29.82968	30.93246
WHITTLESEA	-32.17097	26.82443
WIERDABRUG	-25.82374	28.15524
WILLISTON	-31.3428	20.91551
WILLOWMORE	-33.29543	23.48728
WILLOWVALE	-32.267	28.50661
WINBURG	-28.52163	27.0096
WINDSORTON	-28.32664	24.71082
WINTERTON	-28.81443	29.54016
WITBANK	-25.88794	29.23129
WITDRAAI	-26.95574	20.7058
WITPOORT	-23.33168	28.00687
WITRIVIER	-25.3283	31.0179
WOLMARANSSTAD	-27.20175	25.98018
WOLSELEY	-33.4144	19.20104
WOLWEFONTEIN	-33.29291	24.82834
WONDERBOOMPOORT	-25.70428	28.18587
WOODSTOCK	-33.92897	18.44814
WORCESTER	-33.64546	19.44373
WRENCHVILLE	-27.45275	23.46428
WYNBERG	-34.00399	18.46505
YEOVILLE	-26.1829	28.06281
ZAAIPLAAS	-25.16611	29.75124
ZAMDELA	-26.84416	27.85671
ZAMUXOLO	-30.59053	28.26695
ZASTRON	-30.30455	27.08167
ZEBEDIELA	-24.29829	29.24406
ZEERUST	-25.53974	26.07897
ZELE	-32.77056	27.37591
ZONKIZIZWE	-26.40597	28.17933
ZWELITSHA	-32.91425	27.42121
